avg_temperature,min_temperature,min_windchill,max_wind_speed,avg_wind_speed,min_wind_speed,max_wind_gust,precipitation,snow_on_ground,sunrise,sunset,daylight,,,,,,,,,,,,,,,,,,,,,,,,,,,,,,,,,,,,
-2.95,-10.6,-14,15,9,3,0,0,25,08:00:00,19:28:00,11.47,,,,,,,,,,,,,,,,,,,,,,,,,,,,,,,,,,,,
-6.5,-16.1,-19,17,11,5,0,0,26,08:02:00,19:26:00,11.4,,,,,,,,,,,,,,,,,,,,,,,,,,,,,,,,,,,,
-11.6,-18.1,-22,17,9,1,0,1,27,08:04:00,19:25:00,11.35,,,,,,,,,,,,,,,,,,,,,,,,,,,,,,,,,,,,
-13.35,-14.5,-22,18,12.5,7,0,2.8,22,07:07:00,18:23:00,11.27,,,,,,,,,,,,,,,,,,,,,,,,,,,,,,,,,,,,
-6.25,-12.5,-20,22,12.5,3,32,0.2,21,07:09:00,18:21:00,11.2,,,,,,,,,,,,,,,,,,,,,,,,,,,,,,,,,,,,
-3.59,-9.1,-11,33,18.5,4,48,0,22,07:11:00,18:19:00,11.13,,,,,,,,,,,,,,,,,,,,,,,,,,,,,,,,,,,,
0.05,-3.9,-9,31,17,3,58,0,22,07:14:00,18:17:00,11.05,,,,,,,,,,,,,,,,,,,,,,,,,,,,,,,,,,,,
2.85,-0.7,-4,26,15,4,47,0,23,07:16:00,18:15:00,10.98,,,,,,,,,,,,,,,,,,,,,,,,,,,,,,,,,,,,
2.59,-0.4,-1,32,17.5,3,61,0,25,07:18:00,18:13:00,10.92,,,,,,,,,,,,,,,,,,,,,,,,,,,,,,,,,,,,
-3.8,-8.2,-12,27,16.5,6,37,0,25,07:21:00,18:11:00,10.83,,,,,,,,,,,,,,,,,,,,,,,,,,,,,,,,,,,,
-2,-5.5,-11,24,17,10,41,0.5,25,07:23:00,18:09:00,10.77,,,,,,,,,,,,,,,,,,,,,,,,,,,,,,,,,,,,
1.79,-4.4,-4,15,8.5,2,0,0,25,07:25:00,18:08:00,10.72,,,,,,,,,,,,,,,,,,,,,,,,,,,,,,,,,,,,
4.59,-1,-4,16,8.5,1,0,0,27,07:28:00,18:06:00,10.63,,,,,,,,,,,,,,,,,,,,,,,,,,,,,,,,,,,,
0.55,-5.8,-8,11,6.5,2,0,0,28,07:30:00,18:04:00,10.57,,,,,,,,,,,,,,,,,,,,,,,,,,,,,,,,,,,,
-8.25,-15,-19,16,10,4,0,0,29,07:32:00,18:02:00,10.5,,,,,,,,,,,,,,,,,,,,,,,,,,,,,,,,,,,,
-6.15,-13.3,-15,7,4,1,0,0,29,07:34:00,18:00:00,10.43,,,,,,,,,,,,,,,,,,,,,,,,,,,,,,,,,,,,
-2.8,-11.4,-15,11,6.5,2,0,0,28,07:37:00,17:58:00,10.35,,,,,,,,,,,,,,,,,,,,,,,,,,,,,,,,,,,,
-0.89,-4.8,-9,27,14,1,42,0,28,07:39:00,17:56:00,10.28,,,,,,,,,,,,,,,,,,,,,,,,,,,,,,,,,,,,
0.65,-7,-11,15,8.5,2,0,0,30,07:41:00,17:54:00,10.22,,,,,,,,,,,,,,,,,,,,,,,,,,,,,,,,,,,,
-3.75,-13,-18,10,6.5,3,0,0,30,07:43:00,17:52:00,10.15,,,,,,,,,,,,,,,,,,,,,,,,,,,,,,,,,,,,
-11.25,-20.7,-26,13,8,3,0,0,31,07:45:00,17:50:00,10.08,,,,,,,,,,,,,,,,,,,,,,,,,,,,,,,,,,,,
-20.85,-27.4,-32,16,8.5,1,0,0,31,07:48:00,17:48:00,10,,,,,,,,,,,,,,,,,,,,,,,,,,,,,,,,,,,,
-19.2,-24.7,-29,19,10,1,32,2.8,32,07:50:00,17:46:00,9.93,,,,,,,,,,,,,,,,,,,,,,,,,,,,,,,,,,,,
-10.75,-13.8,-21,12,7.5,3,0,0.2,28,07:52:00,17:44:00,9.87,,,,,,,,,,,,,,,,,,,,,,,,,,,,,,,,,,,,
-10.5,-15.4,-22,15,8,1,0,0,28,07:54:00,17:42:00,9.8,,,,,,,,,,,,,,,,,,,,,,,,,,,,,,,,,,,,
-7.95,-13.8,-18,17,10.5,4,0,0.2,28,07:56:00,17:40:00,9.73,,,,,,,,,,,,,,,,,,,,,,,,,,,,,,,,,,,,
-8.69,-14,-23,27,14,1,35,0.6,28,07:58:00,17:38:00,9.67,,,,,,,,,,,,,,,,,,,,,,,,,,,,,,,,,,,,
-16.7,-21.2,-28,19,11.5,4,0,0.2,32,08:00:00,17:36:00,9.6,,,,,,,,,,,,,,,,,,,,,,,,,,,,,,,,,,,,
-7.85,-17.1,-26,27,15,3,49,5.4,25,08:02:00,17:34:00,9.53,,,,,,,,,,,,,,,,,,,,,,,,,,,,,,,,,,,,
-0.29,-3.3,-7,19,11.5,4,34,0,25,08:04:00,17:32:00,9.47,,,,,,,,,,,,,,,,,,,,,,,,,,,,,,,,,,,,
-4.3,-10.5,-15,30,18.5,7,54,0,26,08:06:00,17:30:00,9.4,,,,,,,,,,,,,,,,,,,,,,,,,,,,,,,,,,,,
-6.05,-10.5,-14,18,9,0,31,0,26,08:08:00,17:28:00,9.33,,,,,,,,,,,,,,,,,,,,,,,,,,,,,,,,,,,,
-2.1,-6.7,-9,14,7.5,1,0,0.2,26,08:10:00,17:26:00,9.27,,,,,,,,,,,,,,,,,,,,,,,,,,,,,,,,,,,,
1.35,-1,-4,24,14.5,5,47,0.7,28,08:11:00,17:25:00,9.23,,,,,,,,,,,,,,,,,,,,,,,,,,,,,,,,,,,,
-1.1,-5.2,-5,18,9.5,1,34,2.8,22,08:13:00,17:23:00,9.17,,,,,,,,,,,,,,,,,,,,,,,,,,,,,,,,,,,,
-9.89,-17.4,-22,12,8,4,0,0.6,22,08:15:00,17:21:00,9.1,,,,,,,,,,,,,,,,,,,,,,,,,,,,,,,,,,,,
-11.3,-17.1,-20,14,7.5,1,0,0.2,22,08:17:00,17:19:00,9.03,,,,,,,,,,,,,,,,,,,,,,,,,,,,,,,,,,,,
-4.34,-6.8,-12,30,15.5,1,55,0,23,08:19:00,17:17:00,8.97,,,,,,,,,,,,,,,,,,,,,,,,,,,,,,,,,,,,
1.45,-1.9,-8,34,18,2,64,3.5,24,08:20:00,17:15:00,8.92,,,,,,,,,,,,,,,,,,,,,,,,,,,,,,,,,,,,
1.14,-2.3,-4,20,13,6,27,0,24,08:22:00,17:13:00,8.85,,,,,,,,,,,,,,,,,,,,,,,,,,,,,,,,,,,,
-1.4,-7.4,-10,25,15,5,33,0,24,08:23:00,17:11:00,8.8,,,,,,,,,,,,,,,,,,,,,,,,,,,,,,,,,,,,
-6.5,-15,-18,31,16,1,51,0,23,08:25:00,17:09:00,8.73,,,,,,,,,,,,,,,,,,,,,,,,,,,,,,,,,,,,
-9.69,-13.5,-17,8,4.5,1,0,0,23,08:27:00,17:07:00,8.67,,,,,,,,,,,,,,,,,,,,,,,,,,,,,,,,,,,,
-4.19,-9.2,-10,16,8,0,0,0,25,08:28:00,17:05:00,8.62,,,,,,,,,,,,,,,,,,,,,,,,,,,,,,,,,,,,
-5.2,-11.8,-14,19,9.5,0,31,0.2,24,08:30:00,17:03:00,8.55,,,,,,,,,,,,,,,,,,,,,,,,,,,,,,,,,,,,
-3.4,-11.4,-13,10,5,0,0,0,25,08:31:00,17:01:00,8.5,,,,,,,,,,,,,,,,,,,,,,,,,,,,,,,,,,,,
-4.44,-10.2,-12,10,6,2,0,0,25,08:32:00,17:00:00,8.47,,,,,,,,,,,,,,,,,,,,,,,,,,,,,,,,,,,,
-5.55,-12.5,-15,23,13,3,35,0,27,08:34:00,16:58:00,8.4,,,,,,,,,,,,,,,,,,,,,,,,,,,,,,,,,,,,
-5.6,-9.6,-13,10,5.5,1,0,7.6,22,08:35:00,16:56:00,8.35,,,,,,,,,,,,,,,,,,,,,,,,,,,,,,,,,,,,
-3.84,-10.7,-13,13,7.5,2,0,0,21,08:36:00,16:54:00,8.3,,,,,,,,,,,,,,,,,,,,,,,,,,,,,,,,,,,,
-11.5,-17.6,-20,7,4,1,0,0,22,08:38:00,16:52:00,8.23,,,,,,,,,,,,,,,,,,,,,,,,,,,,,,,,,,,,
-19.85,-23.2,-32,20,11,2,0,0,23,08:39:00,16:51:00,8.2,,,,,,,,,,,,,,,,,,,,,,,,,,,,,,,,,,,,
-23.25,-27.5,-37,13,7,1,0,0,23,08:40:00,16:49:00,8.15,,,,,,,,,,,,,,,,,,,,,,,,,,,,,,,,,,,,
-25.45,-26.9,-38,20,16,12,28,0.2,22,08:41:00,16:47:00,8.1,,,,,,,,,,,,,,,,,,,,,,,,,,,,,,,,,,,,
-28.65,-30.7,-39,16,11,6,0,2.8,20,08:42:00,16:45:00,8.05,,,,,,,,,,,,,,,,,,,,,,,,,,,,,,,,,,,,
-32.54,-37.6,-45,9,5,1,0,0,20,08:43:00,16:44:00,8.02,,,,,,,,,,,,,,,,,,,,,,,,,,,,,,,,,,,,
-31.85,-34,-44,12,7,2,0,0.2,20,08:44:00,16:42:00,7.97,,,,,,,,,,,,,,,,,,,,,,,,,,,,,,,,,,,,
-28.2,-31.3,-41,13,9,5,0,0.6,20,08:45:00,16:41:00,7.93,,,,,,,,,,,,,,,,,,,,,,,,,,,,,,,,,,,,
-24.6,-27.6,-40,27,18,9,43,1.1,24,08:45:00,16:39:00,7.9,,,,,,,,,,,,,,,,,,,,,,,,,,,,,,,,,,,,
-19.95,-21.7,-31,18,12,6,27,1.4,15,08:46:00,16:37:00,7.85,,,,,,,,,,,,,,,,,,,,,,,,,,,,,,,,,,,,
-21.25,-25.8,-32,16,10.5,5,0,0,16,08:47:00,16:36:00,7.82,,,,,,,,,,,,,,,,,,,,,,,,,,,,,,,,,,,,
-20.75,-24.2,-29,20,10.5,1,36,0.2,17,08:48:00,16:35:00,7.78,,,,,,,,,,,,,,,,,,,,,,,,,,,,,,,,,,,,
-14.4,-17.3,-28,26,17.5,9,40,5.6,12,08:48:00,16:33:00,7.75,,,,,,,,,,,,,,,,,,,,,,,,,,,,,,,,,,,,
-11.1,-14.7,-20,23,13,3,35,1,7,08:49:00,16:32:00,7.72,,,,,,,,,,,,,,,,,,,,,,,,,,,,,,,,,,,,
-7.7,-14.9,-20,19,9.5,0,33,0,7,08:49:00,16:30:00,7.68,,,,,,,,,,,,,,,,,,,,,,,,,,,,,,,,,,,,
-4.44,-10.7,-14,21,12,3,50,0,8,08:49:00,16:29:00,7.67,,,,,,,,,,,,,,,,,,,,,,,,,,,,,,,,,,,,
-2.8,-8.4,-15,29,16,3,54,0.2,7,08:50:00,16:28:00,7.63,,,,,,,,,,,,,,,,,,,,,,,,,,,,,,,,,,,,
-5.75,-8.6,-11,24,13.5,3,35,0,8,08:50:00,16:27:00,7.62,,,,,,,,,,,,,,,,,,,,,,,,,,,,,,,,,,,,
-1.75,-4.2,-9,30,17,4,54,0.2,8,08:50:00,16:26:00,7.6,,,,,,,,,,,,,,,,,,,,,,,,,,,,,,,,,,,,
-0.89,-5.6,-8,11,6,1,0,0,8,08:50:00,16:24:00,7.57,,,,,,,,,,,,,,,,,,,,,,,,,,,,,,,,,,,,
-0.25,-6.6,-9,11,6.5,2,0,0,8,08:51:00,16:23:00,7.53,,,,,,,,,,,,,,,,,,,,,,,,,,,,,,,,,,,,
-5.95,-10.3,-15,16,8.5,1,0,0,8,08:51:00,16:22:00,7.52,,,,,,,,,,,,,,,,,,,,,,,,,,,,,,,,,,,,
-3.05,-9,-12,10,6,2,0,0,8,08:51:00,16:21:00,7.5,,,,,,,,,,,,,,,,,,,,,,,,,,,,,,,,,,,,
-7.19,-12.1,-16,22,13,4,34,0,7,08:50:00,16:21:00,7.52,,,,,,,,,,,,,,,,,,,,,,,,,,,,,,,,,,,,
-7.65,-14.4,-19,15,10.5,6,0,0,8,08:50:00,16:20:00,7.5,,,,,,,,,,,,,,,,,,,,,,,,,,,,,,,,,,,,
-9.35,-13.6,-20,12,9.5,7,0,0,9,08:50:00,16:19:00,7.48,,,,,,,,,,,,,,,,,,,,,,,,,,,,,,,,,,,,
-8.8,-14,-19,13,9,5,0,0,9,08:50:00,16:18:00,7.47,,,,,,,,,,,,,,,,,,,,,,,,,,,,,,,,,,,,
-9.44,-15.6,-20,18,11,4,0,0.2,9,08:49:00,16:18:00,7.48,,,,,,,,,,,,,,,,,,,,,,,,,,,,,,,,,,,,
-7.65,-12.2,-18,10,5.5,1,0,0.2,5,08:49:00,16:17:00,7.47,,,,,,,,,,,,,,,,,,,,,,,,,,,,,,,,,,,,
-5.4,-10.4,-12,11,6,1,0,0,8,08:49:00,16:16:00,7.45,,,,,,,,,,,,,,,,,,,,,,,,,,,,,,,,,,,,
-6.4,-8.9,-13,14,9,4,0,1.5,7,08:48:00,16:16:00,7.47,,,,,,,,,,,,,,,,,,,,,,,,,,,,,,,,,,,,
-6.55,-8.8,-11,13,6.5,0,0,0,7,08:48:00,16:16:00,7.47,,,,,,,,,,,,,,,,,,,,,,,,,,,,,,,,,,,,
-7.65,-9.9,-15,14,9,4,0,0,7,08:47:00,16:15:00,7.47,,,,,,,,,,,,,,,,,,,,,,,,,,,,,,,,,,,,
-2.95,-8.2,-15,18,10,2,33,0,7,08:46:00,16:15:00,7.48,,,,,,,,,,,,,,,,,,,,,,,,,,,,,,,,,,,,
-2.54,-6.1,-9,11,7,3,0,0,8,08:45:00,16:15:00,7.5,,,,,,,,,,,,,,,,,,,,,,,,,,,,,,,,,,,,
-6.8,-9.8,-14,16,10,4,34,0,8,08:45:00,16:15:00,7.5,,,,,,,,,,,,,,,,,,,,,,,,,,,,,,,,,,,,
-7.95,-11.9,-13,19,9.5,0,28,0,9,08:44:00,16:14:00,7.5,,,,,,,,,,,,,,,,,,,,,,,,,,,,,,,,,,,,
-9.9,-16.6,-22,14,9,4,0,0,10,08:43:00,16:14:00,7.52,,,,,,,,,,,,,,,,,,,,,,,,,,,,,,,,,,,,
-16.6,-18.3,-24,14,9.5,5,0,1.8,7,08:42:00,16:14:00,7.53,,,,,,,,,,,,,,,,,,,,,,,,,,,,,,,,,,,,
-13.85,-16.2,-23,13,9.5,6,0,0.4,5,08:41:00,16:14:00,7.55,,,,,,,,,,,,,,,,,,,,,,,,,,,,,,,,,,,,
-12.9,-13.9,-22,16,12,8,0,1.2,6,08:40:00,16:15:00,7.58,,,,,,,,,,,,,,,,,,,,,,,,,,,,,,,,,,,,
-10.55,-13,-20,15,8,1,0,0.5,5,08:39:00,16:15:00,7.6,,,,,,,,,,,,,,,,,,,,,,,,,,,,,,,,,,,,
-8.69,-13,-19,17,9.5,2,0,0,6,08:37:00,16:15:00,7.63,,,,,,,,,,,,,,,,,,,,,,,,,,,,,,,,,,,,
-8.6,-13.2,-20,17,12.5,8,0,0,5,08:36:00,16:15:00,7.65,,,,,,,,,,,,,,,,,,,,,,,,,,,,,,,,,,,,
-8.25,-11.7,-16,16,10.5,5,0,0.2,5,08:35:00,16:16:00,7.68,,,,,,,,,,,,,,,,,,,,,,,,,,,,,,,,,,,,
-6.8,-10.5,-14,9,5,1,0,0,5,08:34:00,16:16:00,7.7,,,,,,,,,,,,,,,,,,,,,,,,,,,,,,,,,,,,
-8,-12.5,-18,11,7.5,4,0,0.2,5,08:32:00,16:17:00,7.75,,,,,,,,,,,,,,,,,,,,,,,,,,,,,,,,,,,,
-1.85,-4.2,-7,12,7,2,0,2.9,2,08:31:00,16:17:00,7.77,,,,,,,,,,,,,,,,,,,,,,,,,,,,,,,,,,,,
2.25,-0.6,-4,19,9.5,0,0,0,3,08:30:00,16:18:00,7.8,,,,,,,,,,,,,,,,,,,,,,,,,,,,,,,,,,,,
-4.4,-11,-12,15,8.5,2,0,0,4,08:28:00,16:19:00,7.85,,,,,,,,,,,,,,,,,,,,,,,,,,,,,,,,,,,,
-10.65,-17.6,-23,11,6,1,0,0,2,08:27:00,16:19:00,7.87,,,,,,,,,,,,,,,,,,,,,,,,,,,,,,,,,,,,
-14.14,-16.7,-25,17,11.5,6,0,0,1,08:25:00,16:20:00,7.92,,,,,,,,,,,,,,,,,,,,,,,,,,,,,,,,,,,,
-10.05,-12.6,-19,15,9.5,4,0,0.2,1,08:23:00,16:21:00,7.97,,,,,,,,,,,,,,,,,,,,,,,,,,,,,,,,,,,,
-10.05,-13.2,-19,16,10.5,5,0,0.2,2,08:22:00,16:22:00,8,,,,,,,,,,,,,,,,,,,,,,,,,,,,,,,,,,,,
-11.89,-13.6,-19,12,6.5,1,0,0.4,3,08:20:00,16:23:00,8.05,,,,,,,,,,,,,,,,,,,,,,,,,,,,,,,,,,,,
-7.15,-10.9,-17,15,11.5,8,0,2.2,0,08:19:00,16:24:00,8.08,,,,,,,,,,,,,,,,,,,,,,,,,,,,,,,,,,,,
-0.85,-3.5,-8,21,16,11,35,0,0,08:17:00,16:25:00,8.13,,,,,,,,,,,,,,,,,,,,,,,,,,,,,,,,,,,,
2.44,0.8,0,24,12.5,1,44,0.2,0,08:15:00,16:26:00,8.18,,,,,,,,,,,,,,,,,,,,,,,,,,,,,,,,,,,,
6.65,2.7,0,19,10,1,42,0,0,08:14:00,16:27:00,8.22,,,,,,,,,,,,,,,,,,,,,,,,,,,,,,,,,,,,
2.9,-3.1,-5,16,10.5,5,43,0,0,08:12:00,16:28:00,8.27,,,,,,,,,,,,,,,,,,,,,,,,,,,,,,,,,,,,
-0.1,-6,-10,11,8,5,0,0,0,08:10:00,16:30:00,8.33,,,,,,,,,,,,,,,,,,,,,,,,,,,,,,,,,,,,
-1.95,-5.4,-8,11,6,1,0,0.5,0,08:08:00,16:31:00,8.38,,,,,,,,,,,,,,,,,,,,,,,,,,,,,,,,,,,,
0.14,-1.6,-3,6,3,0,0,2.5,0,08:06:00,16:32:00,8.43,,,,,,,,,,,,,,,,,,,,,,,,,,,,,,,,,,,,
3.85,-1.3,-3,25,12.5,0,49,0,1,08:05:00,16:34:00,8.48,,,,,,,,,,,,,,,,,,,,,,,,,,,,,,,,,,,,
6.6,1.3,0,23,13,3,41,0,4,08:03:00,16:35:00,8.53,,,,,,,,,,,,,,,,,,,,,,,,,,,,,,,,,,,,
1.8,-2.3,-3,19,11.5,4,28,0.2,4,08:01:00,16:37:00,8.6,,,,,,,,,,,,,,,,,,,,,,,,,,,,,,,,,,,,
0,-3.9,-6,15,7.5,0,0,1.7,5,07:59:00,16:38:00,8.65,,,,,,,,,,,,,,,,,,,,,,,,,,,,,,,,,,,,
-1.25,-3.1,-5,16,8,0,0,0,5,07:57:00,16:40:00,8.72,,,,,,,,,,,,,,,,,,,,,,,,,,,,,,,,,,,,
3.05,-1.7,-4,10,6.5,3,0,0,6,07:55:00,16:41:00,8.77,,,,,,,,,,,,,,,,,,,,,,,,,,,,,,,,,,,,
-4,-9.9,-10,9,5.5,2,0,0.3,8,07:54:00,16:43:00,8.82,,,,,,,,,,,,,,,,,,,,,,,,,,,,,,,,,,,,
-12.45,-19.6,-26,11,7,3,0,0,8,07:52:00,16:44:00,8.87,,,,,,,,,,,,,,,,,,,,,,,,,,,,,,,,,,,,
-15.14,-18.2,-24,13,9,5,0,0.9,10,07:50:00,16:46:00,8.93,,,,,,,,,,,,,,,,,,,,,,,,,,,,,,,,,,,,
-7.7,-12.5,-20,19,11,3,36,6.8,4,07:48:00,16:48:00,9,,,,,,,,,,,,,,,,,,,,,,,,,,,,,,,,,,,,
2.29,-2.9,-13,22,12,2,31,6,0,07:46:00,16:50:00,9.07,,,,,,,,,,,,,,,,,,,,,,,,,,,,,,,,,,,,
-6,-13.6,-16,19,10,1,0,0,1,07:44:00,16:51:00,9.12,,,,,,,,,,,,,,,,,,,,,,,,,,,,,,,,,,,,
-10.75,-16.3,-21,18,10.5,3,0,0.2,1,07:42:00,16:53:00,9.18,,,,,,,,,,,,,,,,,,,,,,,,,,,,,,,,,,,,
-6.85,-13.3,-16,30,15.5,1,42,1.9,0,07:40:00,16:55:00,9.25,,,,,,,,,,,,,,,,,,,,,,,,,,,,,,,,,,,,
-1.5,-4.2,-8,11,7,3,0,0.4,0,07:38:00,16:57:00,9.32,,,,,,,,,,,,,,,,,,,,,,,,,,,,,,,,,,,,
-0.44,-4,-7,20,10.5,1,31,0,0,07:36:00,16:59:00,9.38,,,,,,,,,,,,,,,,,,,,,,,,,,,,,,,,,,,,
4.6,0.8,0,15,9,3,0,0.2,0,08:34:00,18:01:00,9.45,,,,,,,,,,,,,,,,,,,,,,,,,,,,,,,,,,,,
1.75,-2.3,-5,19,12,5,35,0,0,08:32:00,18:03:00,9.52,,,,,,,,,,,,,,,,,,,,,,,,,,,,,,,,,,,,
2.29,-0.5,-3,30,18,6,49,0,0,08:30:00,18:05:00,9.58,,,,,,,,,,,,,,,,,,,,,,,,,,,,,,,,,,,,
-1.04,-9.6,-12,19,12,5,34,0,0,08:29:00,18:07:00,9.63,,,,,,,,,,,,,,,,,,,,,,,,,,,,,,,,,,,,
-7.35,-12,-16,16,10.5,5,0,0,0,08:27:00,18:09:00,9.7,,,,,,,,,,,,,,,,,,,,,,,,,,,,,,,,,,,,
-7.55,-9.3,-17,30,23,16,47,0.2,0,08:25:00,18:11:00,9.77,,,,,,,,,,,,,,,,,,,,,,,,,,,,,,,,,,,,
-1.65,-8,-13,27,16.5,6,47,0.4,0,08:23:00,18:13:00,9.83,,,,,,,,,,,,,,,,,,,,,,,,,,,,,,,,,,,,
-3.05,-7.2,-13,31,20.5,10,48,0,0,08:21:00,18:15:00,9.9,,,,,,,,,,,,,,,,,,,,,,,,,,,,,,,,,,,,
5.85,0.9,0,34,17.5,1,62,0.6,0,08:19:00,18:17:00,9.97,,,,,,,,,,,,,,,,,,,,,,,,,,,,,,,,,,,,
7.85,1.2,0,19,11,3,31,0,0,08:17:00,18:19:00,10.03,,,,,,,,,,,,,,,,,,,,,,,,,,,,,,,,,,,,
3.6,0.7,0,25,14.5,4,39,0,0,08:15:00,18:21:00,10.1,,,,,,,,,,,,,,,,,,,,,,,,,,,,,,,,,,,,
2.15,-3.3,-5,28,15,2,45,0.9,0,08:13:00,18:24:00,10.18,,,,,,,,,,,,,,,,,,,,,,,,,,,,,,,,,,,,
1.8,-2.6,-5,13,7,1,0,0,0,08:11:00,18:26:00,10.25,,,,,,,,,,,,,,,,,,,,,,,,,,,,,,,,,,,,
3.7,-0.5,-2,15,9,3,0,0,0,08:10:00,18:28:00,10.3,,,,,,,,,,,,,,,,,,,,,,,,,,,,,,,,,,,,
4.85,-0.7,0,21,11.5,2,41,0,0,08:08:00,18:30:00,10.37,,,,,,,,,,,,,,,,,,,,,,,,,,,,,,,,,,,,
7.05,0.2,0,16,9,2,44,0,0,08:06:00,18:32:00,10.43,,,,,,,,,,,,,,,,,,,,,,,,,,,,,,,,,,,,
9.3,4.4,0,19,11,3,32,0,0,08:04:00,18:35:00,10.52,,,,,,,,,,,,,,,,,,,,,,,,,,,,,,,,,,,,
7.69,-1,-4,22,12.5,3,32,0.2,0,08:02:00,18:37:00,10.58,,,,,,,,,,,,,,,,,,,,,,,,,,,,,,,,,,,,
3.15,1.1,0,31,19.5,8,45,0.2,0,08:00:00,18:39:00,10.65,,,,,,,,,,,,,,,,,,,,,,,,,,,,,,,,,,,,
2.85,1.3,0,19,12,5,27,6.9,0,07:58:00,18:42:00,10.73,,,,,,,,,,,,,,,,,,,,,,,,,,,,,,,,,,,,
5.7,4.2,0,11,7.5,4,0,6.4,0,07:57:00,18:44:00,10.78,,,,,,,,,,,,,,,,,,,,,,,,,,,,,,,,,,,,
5.25,-1.4,-5,16,10,4,0,0,0,07:55:00,18:46:00,10.85,,,,,,,,,,,,,,,,,,,,,,,,,,,,,,,,,,,,
2.8,-4.7,-7,15,8,1,0,0,0,07:53:00,18:49:00,10.93,,,,,,,,,,,,,,,,,,,,,,,,,,,,,,,,,,,,
0.3,-7.1,-11,17,9.5,2,0,0,0,07:51:00,18:51:00,11,,,,,,,,,,,,,,,,,,,,,,,,,,,,,,,,,,,,
-0.45,-4.2,-8,15,10.5,6,0,0,0,07:49:00,18:53:00,11.07,,,,,,,,,,,,,,,,,,,,,,,,,,,,,,,,,,,,
-0.75,-2.9,-9,26,19,12,41,0.2,0,07:47:00,18:56:00,11.15,,,,,,,,,,,,,,,,,,,,,,,,,,,,,,,,,,,,
9.7,0.6,0,31,17,3,51,4.9,0,07:46:00,18:58:00,11.2,,,,,,,,,,,,,,,,,,,,,,,,,,,,,,,,,,,,
10.9,3.5,0,21,13,5,36,0,0,07:44:00,19:00:00,11.27,,,,,,,,,,,,,,,,,,,,,,,,,,,,,,,,,,,,
10.05,6.6,0,27,15.5,4,48,0.2,0,07:42:00,19:03:00,11.35,,,,,,,,,,,,,,,,,,,,,,,,,,,,,,,,,,,,
7.9,3.8,0,20,10.5,1,34,0.5,0,07:40:00,19:05:00,11.42,,,,,,,,,,,,,,,,,,,,,,,,,,,,,,,,,,,,
4.8,-2.5,-6,21,13.5,6,33,0,0,07:38:00,19:08:00,11.5,,,,,,,,,,,,,,,,,,,,,,,,,,,,,,,,,,,,
5.45,-1.7,-5,21,14.5,8,28,0,0,07:37:00,19:10:00,11.55,,,,,,,,,,,,,,,,,,,,,,,,,,,,,,,,,,,,
3.3,-2.6,-7,21,14,7,31,0,0,07:35:00,19:12:00,11.62,,,,,,,,,,,,,,,,,,,,,,,,,,,,,,,,,,,,
1.6,-0.8,-3,14,9,4,0,0,0,07:33:00,19:15:00,11.7,,,,,,,,,,,,,,,,,,,,,,,,,,,,,,,,,,,,
1.65,-1.8,-5,16,11,6,0,0,0,07:31:00,19:17:00,11.77,,,,,,,,,,,,,,,,,,,,,,,,,,,,,,,,,,,,
3.2,0.1,0,14,8.5,3,0,0,0,07:29:00,19:20:00,11.85,,,,,,,,,,,,,,,,,,,,,,,,,,,,,,,,,,,,
2.35,-0.2,-5,21,13,5,31,0.9,0,07:28:00,19:22:00,11.9,,,,,,,,,,,,,,,,,,,,,,,,,,,,,,,,,,,,
7.75,4.6,0,23,12,1,39,11.7,0,07:26:00,19:25:00,11.98,,,,,,,,,,,,,,,,,,,,,,,,,,,,,,,,,,,,
11.35,8.3,0,25,12.5,0,44,0,0,07:24:00,19:27:00,12.05,,,,,,,,,,,,,,,,,,,,,,,,,,,,,,,,,,,,
11.5,6.8,0,29,17,5,56,0,0,07:22:00,19:30:00,12.13,,,,,,,,,,,,,,,,,,,,,,,,,,,,,,,,,,,,
11.89,8.2,0,27,15.5,4,49,0,0,07:21:00,19:32:00,12.18,,,,,,,,,,,,,,,,,,,,,,,,,,,,,,,,,,,,
15.85,7.5,0,16,9,2,33,0,0,07:19:00,19:34:00,12.25,,,,,,,,,,,,,,,,,,,,,,,,,,,,,,,,,,,,
13.5,4.6,0,17,10,3,33,0,0,07:17:00,19:37:00,12.33,,,,,,,,,,,,,,,,,,,,,,,,,,,,,,,,,,,,
13.05,8.3,0,23,14,5,41,0.3,0,07:15:00,19:39:00,12.4,,,,,,,,,,,,,,,,,,,,,,,,,,,,,,,,,,,,
12.2,4.5,0,18,11,4,27,0,0,07:14:00,19:42:00,12.47,,,,,,,,,,,,,,,,,,,,,,,,,,,,,,,,,,,,
11.75,5.1,0,10,5,0,0,0,0,07:12:00,19:44:00,12.53,,,,,,,,,,,,,,,,,,,,,,,,,,,,,,,,,,,,
13.45,8.6,0,13,6.5,0,0,0.4,0,07:10:00,19:47:00,12.62,,,,,,,,,,,,,,,,,,,,,,,,,,,,,,,,,,,,
14.64,10.6,0,14,8.5,3,0,0.3,0,07:08:00,19:49:00,12.68,,,,,,,,,,,,,,,,,,,,,,,,,,,,,,,,,,,,
15.1,8.6,0,10,5.5,1,0,0,0,07:07:00,19:52:00,12.75,,,,,,,,,,,,,,,,,,,,,,,,,,,,,,,,,,,,
14.2,7.7,0,11,6.5,2,0,0,0,07:05:00,19:54:00,12.82,,,,,,,,,,,,,,,,,,,,,,,,,,,,,,,,,,,,
15.85,10.5,0,15,8,1,0,0,0,07:03:00,19:57:00,12.9,,,,,,,,,,,,,,,,,,,,,,,,,,,,,,,,,,,,
14,6.5,0,16,11,6,0,0,0,07:01:00,19:59:00,12.97,,,,,,,,,,,,,,,,,,,,,,,,,,,,,,,,,,,,
11.7,8.4,0,17,13,9,27,0.2,0,07:00:00,20:01:00,13.02,,,,,,,,,,,,,,,,,,,,,,,,,,,,,,,,,,,,
9.5,8.4,0,16,11.5,7,0,2.4,0,06:58:00,20:04:00,13.1,,,,,,,,,,,,,,,,,,,,,,,,,,,,,,,,,,,,
11.39,9.7,0,20,15.5,11,34,2.5,0,06:56:00,20:06:00,13.17,,,,,,,,,,,,,,,,,,,,,,,,,,,,,,,,,,,,
12.35,9.9,0,24,18,12,37,5.1,0,06:55:00,20:09:00,13.23,,,,,,,,,,,,,,,,,,,,,,,,,,,,,,,,,,,,
17.35,11.3,0,18,10.5,3,32,0,0,06:53:00,20:11:00,13.3,,,,,,,,,,,,,,,,,,,,,,,,,,,,,,,,,,,,
16.55,11.1,0,24,13.5,3,36,0,0,06:51:00,20:14:00,13.38,,,,,,,,,,,,,,,,,,,,,,,,,,,,,,,,,,,,
16.55,10.6,0,17,9.5,2,30,0,0,06:49:00,20:16:00,13.45,,,,,,,,,,,,,,,,,,,,,,,,,,,,,,,,,,,,
18.75,12.8,0,27,15.5,4,44,0.2,0,06:48:00,20:18:00,13.5,,,,,,,,,,,,,,,,,,,,,,,,,,,,,,,,,,,,
16.85,8.8,0,12,6.5,1,0,0,0,06:46:00,20:21:00,13.58,,,,,,,,,,,,,,,,,,,,,,,,,,,,,,,,,,,,
16.45,11.9,0,30,15,0,45,0.2,0,06:44:00,20:23:00,13.65,,,,,,,,,,,,,,,,,,,,,,,,,,,,,,,,,,,,
11.95,7,0,19,10,1,27,0,0,06:42:00,20:26:00,13.73,,,,,,,,,,,,,,,,,,,,,,,,,,,,,,,,,,,,
12.55,9.2,0,7,3.5,0,0,2.1,0,06:41:00,20:28:00,13.78,,,,,,,,,,,,,,,,,,,,,,,,,,,,,,,,,,,,
11.85,10,0,13,7.5,2,0,5.3,0,06:39:00,20:30:00,13.85,,,,,,,,,,,,,,,,,,,,,,,,,,,,,,,,,,,,
12.45,6,0,11,5.5,0,0,0,0,06:37:00,20:33:00,13.93,,,,,,,,,,,,,,,,,,,,,,,,,,,,,,,,,,,,
14.9,10.5,0,31,18,5,49,5.8,0,06:35:00,20:35:00,14,,,,,,,,,,,,,,,,,,,,,,,,,,,,,,,,,,,,
13.1,4.7,0,21,11.5,2,33,0,0,06:34:00,20:37:00,14.05,,,,,,,,,,,,,,,,,,,,,,,,,,,,,,,,,,,,
13.9,9.7,0,27,17.5,8,56,0.6,0,06:32:00,20:40:00,14.13,,,,,,,,,,,,,,,,,,,,,,,,,,,,,,,,,,,,
15.25,9.7,0,23,13.5,4,41,0,0,06:30:00,20:42:00,14.2,,,,,,,,,,,,,,,,,,,,,,,,,,,,,,,,,,,,
16.54,10.2,0,17,9,1,0,0.8,0,06:28:00,20:44:00,14.27,,,,,,,,,,,,,,,,,,,,,,,,,,,,,,,,,,,,
14.5,8.4,0,29,15,1,49,2.4,0,06:27:00,20:47:00,14.33,,,,,,,,,,,,,,,,,,,,,,,,,,,,,,,,,,,,
15.75,10.4,0,27,15.5,4,41,0,0,06:25:00,20:49:00,14.4,,,,,,,,,,,,,,,,,,,,,,,,,,,,,,,,,,,,
21.3,14.9,0,30,16.5,3,45,0,0,06:23:00,20:51:00,14.47,,,,,,,,,,,,,,,,,,,,,,,,,,,,,,,,,,,,
16.64,9.1,0,25,13,1,39,0,0,06:21:00,20:53:00,14.53,,,,,,,,,,,,,,,,,,,,,,,,,,,,,,,,,,,,
14.3,10.1,0,12,7,2,0,1.8,0,06:20:00,20:56:00,14.6,,,,,,,,,,,,,,,,,,,,,,,,,,,,,,,,,,,,
11.95,8.7,0,14,7.5,1,0,2.2,0,06:18:00,20:58:00,14.67,,,,,,,,,,,,,,,,,,,,,,,,,,,,,,,,,,,,
12.14,7.6,0,15,9,3,27,0,0,06:16:00,21:00:00,14.73,,,,,,,,,,,,,,,,,,,,,,,,,,,,,,,,,,,,
12.95,9.8,0,34,21.5,9,56,0.3,0,06:14:00,21:02:00,14.8,,,,,,,,,,,,,,,,,,,,,,,,,,,,,,,,,,,,
20.75,15.8,0,22,15,8,35,0.3,0,06:13:00,21:04:00,14.85,,,,,,,,,,,,,,,,,,,,,,,,,,,,,,,,,,,,
17.14,9.3,0,17,10.5,4,34,0,0,06:11:00,21:06:00,14.92,,,,,,,,,,,,,,,,,,,,,,,,,,,,,,,,,,,,
17.35,13.1,0,14,8,2,0,5,0,06:09:00,21:08:00,14.98,,,,,,,,,,,,,,,,,,,,,,,,,,,,,,,,,,,,
15.2,12.8,0,11,7.5,4,0,0,0,06:07:00,21:10:00,15.05,,,,,,,,,,,,,,,,,,,,,,,,,,,,,,,,,,,,
13.8,11.7,0,17,11,5,0,0.3,0,06:06:00,21:13:00,15.12,,,,,,,,,,,,,,,,,,,,,,,,,,,,,,,,,,,,
13.4,10.2,0,15,9,3,0,0,0,06:04:00,21:15:00,15.18,,,,,,,,,,,,,,,,,,,,,,,,,,,,,,,,,,,,
14.05,11.4,0,19,14,9,33,4,0,06:02:00,21:17:00,15.25,,,,,,,,,,,,,,,,,,,,,,,,,,,,,,,,,,,,
20.5,14.7,0,17,10.5,4,38,0,0,06:01:00,21:19:00,15.3,,,,,,,,,,,,,,,,,,,,,,,,,,,,,,,,,,,,
16.6,9.6,0,11,6.5,2,0,0,0,05:59:00,21:21:00,15.37,,,,,,,,,,,,,,,,,,,,,,,,,,,,,,,,,,,,
15.45,12.2,0,15,10,5,0,2.4,0,05:57:00,21:22:00,15.42,,,,,,,,,,,,,,,,,,,,,,,,,,,,,,,,,,,,
20.05,13.1,0,27,15.5,4,44,3.8,0,05:56:00,21:24:00,15.47,,,,,,,,,,,,,,,,,,,,,,,,,,,,,,,,,,,,
18.3,12,0,21,13.5,6,36,0,0,05:54:00,21:26:00,15.53,,,,,,,,,,,,,,,,,,,,,,,,,,,,,,,,,,,,
17.55,14,0,27,15.5,4,45,0,0,05:52:00,21:28:00,15.6,,,,,,,,,,,,,,,,,,,,,,,,,,,,,,,,,,,,
22.1,16,0,17,10.5,4,57,4.7,0,05:51:00,21:30:00,15.65,,,,,,,,,,,,,,,,,,,,,,,,,,,,,,,,,,,,
19.1,13.8,0,34,18.5,3,42,8.1,0,05:49:00,21:32:00,15.72,,,,,,,,,,,,,,,,,,,,,,,,,,,,,,,,,,,,
17.75,11.1,0,25,12.5,0,38,1.7,0,05:47:00,21:33:00,15.77,,,,,,,,,,,,,,,,,,,,,,,,,,,,,,,,,,,,
16.95,13.4,0,15,8.5,2,0,0,0,05:46:00,21:35:00,15.82,,,,,,,,,,,,,,,,,,,,,,,,,,,,,,,,,,,,
18.55,13.3,0,14,9,4,0,2.3,0,05:44:00,21:37:00,15.88,,,,,,,,,,,,,,,,,,,,,,,,,,,,,,,,,,,,
17.6,13,0,24,14,4,39,0.6,0,05:42:00,21:39:00,15.95,,,,,,,,,,,,,,,,,,,,,,,,,,,,,,,,,,,,
19.2,12.8,0,28,14.5,1,50,25.6,0,05:41:00,21:40:00,15.98,,,,,,,,,,,,,,,,,,,,,,,,,,,,,,,,,,,,
18.95,11,0,15,9.5,4,31,0,0,05:39:00,21:42:00,16.05,,,,,,,,,,,,,,,,,,,,,,,,,,,,,,,,,,,,
17.5,12.3,0,35,20,5,61,1.8,0,05:38:00,21:43:00,16.08,,,,,,,,,,,,,,,,,,,,,,,,,,,,,,,,,,,,
18,12.6,0,32,16.5,1,51,1.4,0,05:36:00,21:45:00,16.15,,,,,,,,,,,,,,,,,,,,,,,,,,,,,,,,,,,,
22.55,15.5,0,14,8,2,0,0,0,05:35:00,21:46:00,16.18,,,,,,,,,,,,,,,,,,,,,,,,,,,,,,,,,,,,
21.04,14.7,0,27,17,7,39,0,0,05:33:00,21:48:00,16.25,,,,,,,,,,,,,,,,,,,,,,,,,,,,,,,,,,,,
18.7,12,0,23,12.5,2,38,0,0,05:32:00,21:49:00,16.28,,,,,,,,,,,,,,,,,,,,,,,,,,,,,,,,,,,,
17.95,12.4,0,14,9,4,0,1.1,0,05:30:00,21:50:00,16.33,,,,,,,,,,,,,,,,,,,,,,,,,,,,,,,,,,,,
15.8,10.9,0,24,13.5,3,46,19.6,0,05:29:00,21:52:00,16.38,,,,,,,,,,,,,,,,,,,,,,,,,,,,,,,,,,,,
14.35,12.2,0,23,13.5,4,39,13.2,0,05:28:00,21:53:00,16.42,,,,,,,,,,,,,,,,,,,,,,,,,,,,,,,,,,,,
17.25,9.8,0,20,11.5,3,59,38.8,0,05:26:00,21:54:00,16.47,,,,,,,,,,,,,,,,,,,,,,,,,,,,,,,,,,,,
17.35,11.3,0,32,16,0,48,20.3,0,05:25:00,21:55:00,16.5,,,,,,,,,,,,,,,,,,,,,,,,,,,,,,,,,,,,
18.6,13.3,0,21,12.5,4,35,0.4,0,05:23:00,21:56:00,16.55,,,,,,,,,,,,,,,,,,,,,,,,,,,,,,,,,,,,
19.1,12.4,0,15,10,5,50,0,0,05:22:00,21:57:00,16.58,,,,,,,,,,,,,,,,,,,,,,,,,,,,,,,,,,,,
20.3,14.1,0,14,8,2,44,9.1,0,05:21:00,21:59:00,16.63,,,,,,,,,,,,,,,,,,,,,,,,,,,,,,,,,,,,
19.5,13,0,25,15,5,42,2.1,0,05:20:00,21:59:00,16.65,,,,,,,,,,,,,,,,,,,,,,,,,,,,,,,,,,,,
16.8,12.4,0,18,12,6,27,0,0,05:19:00,22:00:00,16.68,,,,,,,,,,,,,,,,,,,,,,,,,,,,,,,,,,,,
15.4,12,0,14,9,4,0,0,0,05:17:00,22:01:00,16.73,,,,,,,,,,,,,,,,,,,,,,,,,,,,,,,,,,,,
14.15,10.5,0,18,10.5,3,0,0,0,05:16:00,22:02:00,16.77,,,,,,,,,,,,,,,,,,,,,,,,,,,,,,,,,,,,
16.7,12.4,0,17,10.5,4,0,5.2,0,05:15:00,22:03:00,16.8,,,,,,,,,,,,,,,,,,,,,,,,,,,,,,,,,,,,
17.25,14.1,0,15,8.5,2,0,0.5,0,05:14:00,22:04:00,16.83,,,,,,,,,,,,,,,,,,,,,,,,,,,,,,,,,,,,
15.95,10.5,0,17,10,3,0,1.4,0,05:13:00,22:04:00,16.85,,,,,,,,,,,,,,,,,,,,,,,,,,,,,,,,,,,,
13.5,8.9,0,13,7.5,2,0,7.8,0,05:12:00,22:05:00,16.88,,,,,,,,,,,,,,,,,,,,,,,,,,,,,,,,,,,,
14.05,8.1,0,17,9.5,2,31,0,0,05:11:00,22:05:00,16.9,,,,,,,,,,,,,,,,,,,,,,,,,,,,,,,,,,,,
13.75,9.3,0,17,9,1,0,4.1,0,05:11:00,22:06:00,16.92,,,,,,,,,,,,,,,,,,,,,,,,,,,,,,,,,,,,
12.95,7.3,0,24,14,4,38,0,0,05:10:00,22:06:00,16.93,,,,,,,,,,,,,,,,,,,,,,,,,,,,,,,,,,,,
13.1,7.6,0,25,16.5,8,52,6.4,0,05:09:00,22:07:00,16.97,,,,,,,,,,,,,,,,,,,,,,,,,,,,,,,,,,,,
17.45,11.9,0,21,16,11,36,0,0,05:08:00,22:07:00,16.98,,,,,,,,,,,,,,,,,,,,,,,,,,,,,,,,,,,,
13.45,7.5,0,27,14.5,2,42,5.9,0,05:08:00,22:07:00,16.98,,,,,,,,,,,,,,,,,,,,,,,,,,,,,,,,,,,,
16.1,10.2,0,18,12.5,7,37,9.3,0,05:07:00,22:07:00,17,,,,,,,,,,,,,,,,,,,,,,,,,,,,,,,,,,,,
14.95,8.5,0,22,11,0,34,2.8,0,05:07:00,22:07:00,17,,,,,,,,,,,,,,,,,,,,,,,,,,,,,,,,,,,,
15.8,10.1,0,17,8.5,0,36,2.7,0,05:06:00,22:08:00,17.03,,,,,,,,,,,,,,,,,,,,,,,,,,,,,,,,,,,,
15.1,11.4,0,12,7.5,3,0,7.7,0,05:06:00,22:08:00,17.03,,,,,,,,,,,,,,,,,,,,,,,,,,,,,,,,,,,,
13.7,11,0,23,16,9,37,5.8,0,05:05:00,22:08:00,17.05,,,,,,,,,,,,,,,,,,,,,,,,,,,,,,,,,,,,
15.89,10.1,0,22,12,2,52,0,0,05:05:00,22:07:00,17.03,,,,,,,,,,,,,,,,,,,,,,,,,,,,,,,,,,,,
15.55,10.4,0,17,9.5,2,27,0,0,05:05:00,22:07:00,17.03,,,,,,,,,,,,,,,,,,,,,,,,,,,,,,,,,,,,
14.8,11.1,0,26,19.5,13,42,0,0,05:04:00,22:07:00,17.05,,,,,,,,,,,,,,,,,,,,,,,,,,,,,,,,,,,,
12,8,0,22,13.5,5,34,23.1,0,05:04:00,22:07:00,17.05,,,,,,,,,,,,,,,,,,,,,,,,,,,,,,,,,,,,
11.55,7.3,0,30,16.5,3,51,24.6,0,05:04:00,22:06:00,17.03,,,,,,,,,,,,,,,,,,,,,,,,,,,,,,,,,,,,
18.95,14,0,23,13,3,41,0,0,05:04:00,22:06:00,17.03,,,,,,,,,,,,,,,,,,,,,,,,,,,,,,,,,,,,
19.14,11.9,0,24,14,4,38,0,0,05:04:00,22:06:00,17.03,,,,,,,,,,,,,,,,,,,,,,,,,,,,,,,,,,,,
17.39,10.5,0,10,6.5,3,0,0,0,05:04:00,22:05:00,17.02,,,,,,,,,,,,,,,,,,,,,,,,,,,,,,,,,,,,
17.85,12.8,0,25,14.5,4,41,0,0,05:04:00,22:05:00,17.02,,,,,,,,,,,,,,,,,,,,,,,,,,,,,,,,,,,,
17.1,11.9,0,25,12.5,0,44,0.3,0,05:04:00,22:04:00,17,,,,,,,,,,,,,,,,,,,,,,,,,,,,,,,,,,,,
20.55,15.8,0,22,12,2,44,1.3,0,05:05:00,22:03:00,16.97,,,,,,,,,,,,,,,,,,,,,,,,,,,,,,,,,,,,
21.25,15.2,0,17,9.5,2,28,0,0,05:05:00,22:03:00,16.97,,,,,,,,,,,,,,,,,,,,,,,,,,,,,,,,,,,,
15.8,8.7,0,17,9,1,0,0,0,05:05:00,22:02:00,16.95,,,,,,,,,,,,,,,,,,,,,,,,,,,,,,,,,,,,
12.14,4.6,0,22,12.5,3,38,0.7,0,05:06:00,22:01:00,16.92,,,,,,,,,,,,,,,,,,,,,,,,,,,,,,,,,,,,
10.3,4.9,0,19,12,5,40,1.4,0,05:06:00,22:00:00,16.9,,,,,,,,,,,,,,,,,,,,,,,,,,,,,,,,,,,,
9.19,4.2,0,22,13,4,37,0.5,0,05:07:00,21:59:00,16.87,,,,,,,,,,,,,,,,,,,,,,,,,,,,,,,,,,,,
5.95,3.5,0,28,16,4,47,17,0,05:07:00,21:58:00,16.85,,,,,,,,,,,,,,,,,,,,,,,,,,,,,,,,,,,,
10.55,8.4,0,22,11,0,32,8.9,0,05:08:00,21:57:00,16.82,,,,,,,,,,,,,,,,,,,,,,,,,,,,,,,,,,,,
12.64,6.1,0,17,10,3,28,0.7,0,05:09:00,21:56:00,16.78,,,,,,,,,,,,,,,,,,,,,,,,,,,,,,,,,,,,
13.75,7.4,0,22,13.5,5,54,4.7,0,05:09:00,21:55:00,16.77,,,,,,,,,,,,,,,,,,,,,,,,,,,,,,,,,,,,
14.6,10.7,0,39,21,3,59,0,0,05:10:00,21:54:00,16.73,,,,,,,,,,,,,,,,,,,,,,,,,,,,,,,,,,,,
17.25,13.1,0,24,13.5,3,46,0,0,05:11:00,21:53:00,16.7,,,,,,,,,,,,,,,,,,,,,,,,,,,,,,,,,,,,
19.95,11.9,0,20,12.5,5,32,0,0,05:12:00,21:52:00,16.67,,,,,,,,,,,,,,,,,,,,,,,,,,,,,,,,,,,,
14.4,7.3,0,15,9,3,0,0,0,05:13:00,21:51:00,16.63,,,,,,,,,,,,,,,,,,,,,,,,,,,,,,,,,,,,
16.95,12.2,0,16,11,6,0,0,0,05:14:00,21:49:00,16.58,,,,,,,,,,,,,,,,,,,,,,,,,,,,,,,,,,,,
20.65,10.7,0,15,9,3,0,0,5,05:15:00,21:48:00,16.55,,,,,,,,,,,,,,,,,,,,,,,,,,,,,,,,,,,,
18.45,8.9,0,15,7.5,0,0,0,6,05:16:00,21:47:00,16.52,,,,,,,,,,,,,,,,,,,,,,,,,,,,,,,,,,,,
15.75,7.3,0,17,10,3,0,0,5,05:17:00,21:45:00,16.47,,,,,,,,,,,,,,,,,,,,,,,,,,,,,,,,,,,,
13.6,5.8,0,9,4.5,0,0,0,5,05:18:00,21:44:00,16.43,,,,,,,,,,,,,,,,,,,,,,,,,,,,,,,,,,,,
12.55,5.9,0,16,9,2,34,0,6,05:19:00,21:43:00,16.4,,,,,,,,,,,,,,,,,,,,,,,,,,,,,,,,,,,,
12.6,10.4,0,18,10.5,3,27,3.1,4,05:21:00,21:41:00,16.33,,,,,,,,,,,,,,,,,,,,,,,,,,,,,,,,,,,,
16.5,12.3,0,18,9.5,1,0,0,5,05:22:00,21:40:00,16.3,,,,,,,,,,,,,,,,,,,,,,,,,,,,,,,,,,,,
14.6,6.8,0,12,6,0,0,0,3,05:23:00,21:38:00,16.25,,,,,,,,,,,,,,,,,,,,,,,,,,,,,,,,,,,,
12.05,4.5,0,27,14.5,2,40,0,2,05:25:00,21:36:00,16.18,,,,,,,,,,,,,,,,,,,,,,,,,,,,,,,,,,,,
12.64,6.4,0,30,19.5,9,54,0,4,05:26:00,21:35:00,16.15,,,,,,,,,,,,,,,,,,,,,,,,,,,,,,,,,,,,
10.95,3.9,0,31,19,7,48,0,5,05:28:00,21:33:00,16.08,,,,,,,,,,,,,,,,,,,,,,,,,,,,,,,,,,,,
11.3,5.7,0,28,18,8,43,0,4,05:29:00,21:32:00,16.05,,,,,,,,,,,,,,,,,,,,,,,,,,,,,,,,,,,,
12.39,6.6,0,32,22.5,13,46,0,1,05:31:00,21:30:00,15.98,,,,,,,,,,,,,,,,,,,,,,,,,,,,,,,,,,,,
9.5,3.5,0,27,15,3,43,0,2,05:32:00,21:28:00,15.93,,,,,,,,,,,,,,,,,,,,,,,,,,,,,,,,,,,,
8.55,7.6,0,21,12,3,31,8.4,3,05:34:00,21:27:00,15.88,,,,,,,,,,,,,,,,,,,,,,,,,,,,,,,,,,,,
11.4,5.8,0,22,12.5,3,31,0.8,2,05:36:00,21:25:00,15.82,,,,,,,,,,,,,,,,,,,,,,,,,,,,,,,,,,,,
13.6,7.6,0,18,10,2,28,0,1,05:37:00,21:23:00,15.77,,,,,,,,,,,,,,,,,,,,,,,,,,,,,,,,,,,,
17.7,12.4,0,28,16,4,44,0,1,05:39:00,21:22:00,15.72,,,,,,,,,,,,,,,,,,,,,,,,,,,,,,,,,,,,
13.8,3.8,0,12,6.5,1,0,0,0,05:41:00,21:20:00,15.65,,,,,,,,,,,,,,,,,,,,,,,,,,,,,,,,,,,,
14.75,9.6,0,31,18,5,51,0,1,05:42:00,21:18:00,15.6,,,,,,,,,,,,,,,,,,,,,,,,,,,,,,,,,,,,
12.6,4.1,0,18,10,2,36,0,1,05:44:00,21:17:00,15.55,,,,,,,,,,,,,,,,,,,,,,,,,,,,,,,,,,,,
11.6,5,0,21,10.5,0,47,1.5,1,05:46:00,21:15:00,15.48,,,,,,,,,,,,,,,,,,,,,,,,,,,,,,,,,,,,
9.35,5.4,0,13,8,3,0,0,1,05:48:00,21:13:00,15.42,,,,,,,,,,,,,,,,,,,,,,,,,,,,,,,,,,,,
8.05,2.3,0,13,7.5,2,0,0,0,05:50:00,21:11:00,15.35,,,,,,,,,,,,,,,,,,,,,,,,,,,,,,,,,,,,
3.3,-4,-5,17,9.5,2,31,0,1,05:52:00,21:09:00,15.28,,,,,,,,,,,,,,,,,,,,,,,,,,,,,,,,,,,,
1.95,-2.4,-6,18,11,4,32,0,1,05:54:00,21:08:00,15.23,,,,,,,,,,,,,,,,,,,,,,,,,,,,,,,,,,,,
2.29,-0.9,-5,22,15,8,37,0.7,1,05:56:00,21:06:00,15.17,,,,,,,,,,,,,,,,,,,,,,,,,,,,,,,,,,,,
3.8,-3.2,-5,20,11,2,34,1,1,05:58:00,21:04:00,15.1,,,,,,,,,,,,,,,,,,,,,,,,,,,,,,,,,,,,
1.6,-3.6,-6,18,11.5,5,33,1.4,1,06:00:00,21:02:00,15.03,,,,,,,,,,,,,,,,,,,,,,,,,,,,,,,,,,,,
-0.64,-4.5,-10,22,14,6,34,0.7,1,06:02:00,21:01:00,14.98,,,,,,,,,,,,,,,,,,,,,,,,,,,,,,,,,,,,
3.15,-2.1,-4,15,9,3,31,0.2,1,06:04:00,20:59:00,14.92,,,,,,,,,,,,,,,,,,,,,,,,,,,,,,,,,,,,
0.79,-5.2,-7,22,11.5,1,31,1.1,0,06:06:00,20:57:00,14.85,,,,,,,,,,,,,,,,,,,,,,,,,,,,,,,,,,,,
2.29,-1.1,-7,38,22.5,7,56,2.1,1,06:08:00,20:55:00,14.78,,,,,,,,,,,,,,,,,,,,,,,,,,,,,,,,,,,,
7.1,2.9,0,21,12.5,4,45,0,0,06:10:00,20:53:00,14.72,,,,,,,,,,,,,,,,,,,,,,,,,,,,,,,,,,,,
5.35,-0.3,-3,26,13.5,1,46,0,0,06:12:00,20:51:00,14.65,,,,,,,,,,,,,,,,,,,,,,,,,,,,,,,,,,,,
6.19,2.7,0,37,22,7,66,0,0,06:15:00,20:50:00,14.58,,,,,,,,,,,,,,,,,,,,,,,,,,,,,,,,,,,,
10.9,4.2,0,28,16,4,49,0,0,06:17:00,20:48:00,14.52,,,,,,,,,,,,,,,,,,,,,,,,,,,,,,,,,,,,
11.25,-0.1,0,28,14.5,1,50,0,0,06:19:00,20:46:00,14.45,,,,,,,,,,,,,,,,,,,,,,,,,,,,,,,,,,,,
6.35,-3.1,-5,20,11,2,35,0,0,06:21:00,20:44:00,14.38,,,,,,,,,,,,,,,,,,,,,,,,,,,,,,,,,,,,
6.9,1.7,0,29,16.5,4,45,0,0,06:23:00,20:42:00,14.32,,,,,,,,,,,,,,,,,,,,,,,,,,,,,,,,,,,,
9.8,6.3,0,23,15.5,8,39,0,0,06:26:00,20:41:00,14.25,,,,,,,,,,,,,,,,,,,,,,,,,,,,,,,,,,,,
8.5,-0.4,-2,19,11.5,4,31,0,0,06:28:00,20:39:00,14.18,,,,,,,,,,,,,,,,,,,,,,,,,,,,,,,,,,,,
7,-1.1,-3,27,15.5,4,53,0,0,06:30:00,20:37:00,14.12,,,,,,,,,,,,,,,,,,,,,,,,,,,,,,,,,,,,
5.7,-2.6,-5,19,11.5,4,30,0,0,06:33:00,20:35:00,14.03,,,,,,,,,,,,,,,,,,,,,,,,,,,,,,,,,,,,
5.35,1.8,0,21,10.5,0,34,0,0,06:35:00,20:33:00,13.97,,,,,,,,,,,,,,,,,,,,,,,,,,,,,,,,,,,,
5.3,1.9,0,29,14.5,0,46,0,0,06:37:00,20:31:00,13.9,,,,,,,,,,,,,,,,,,,,,,,,,,,,,,,,,,,,
6.1,-1.7,-5,21,12,3,32,0,0,06:39:00,20:29:00,13.83,,,,,,,,,,,,,,,,,,,,,,,,,,,,,,,,,,,,
4.8,-0.2,0,16,9,2,0,0,0,06:42:00,20:28:00,13.77,,,,,,,,,,,,,,,,,,,,,,,,,,,,,,,,,,,,
6.4,2.2,0,19,9.5,0,38,0,0,06:44:00,20:26:00,13.7,,,,,,,,,,,,,,,,,,,,,,,,,,,,,,,,,,,,
8.94,4.6,0,27,15.5,4,37,0,0,06:47:00,20:24:00,13.62,,,,,,,,,,,,,,,,,,,,,,,,,,,,,,,,,,,,
8.44,0.7,0,18,9.5,1,27,0,0,06:49:00,20:22:00,13.55,,,,,,,,,,,,,,,,,,,,,,,,,,,,,,,,,,,,
9.4,3.9,0,21,13,5,34,0,0,06:51:00,20:20:00,13.48,,,,,,,,,,,,,,,,,,,,,,,,,,,,,,,,,,,,
5.65,-2.5,-4,22,11.5,1,37,0,0,06:54:00,20:18:00,13.4,,,,,,,,,,,,,,,,,,,,,,,,,,,,,,,,,,,,
2.65,-0.7,0,19,9.5,0,33,0,0,06:56:00,20:17:00,13.35,,,,,,,,,,,,,,,,,,,,,,,,,,,,,,,,,,,,
3.55,-2,-5,27,16,5,38,0,0,06:58:00,20:15:00,13.28,,,,,,,,,,,,,,,,,,,,,,,,,,,,,,,,,,,,
0.5,-2.1,-7,17,11,5,0,0,0,07:01:00,20:13:00,13.2,,,,,,,,,,,,,,,,,,,,,,,,,,,,,,,,,,,,
4.89,-1.8,-4,18,11,4,32,0,0,07:03:00,20:11:00,13.13,,,,,,,,,,,,,,,,,,,,,,,,,,,,,,,,,,,,
2.4,-0.7,-4,19,12,5,31,0,0,07:06:00,20:09:00,13.05,,,,,,,,,,,,,,,,,,,,,,,,,,,,,,,,,,,,
4.39,0.1,0,23,15,7,40,0,0,07:08:00,20:08:00,13,,,,,,,,,,,,,,,,,,,,,,,,,,,,,,,,,,,,
2.54,-1.7,-5,12,8,4,0,0,0,07:10:00,20:06:00,12.93,,,,,,,,,,,,,,,,,,,,,,,,,,,,,,,,,,,,
4.25,-1.4,-2,25,13,1,37,0,0,07:13:00,20:04:00,12.85,,,,,,,,,,,,,,,,,,,,,,,,,,,,,,,,,,,,
4.5,-1.2,-3,17,9.5,2,0,0,1,07:15:00,20:02:00,12.78,,,,,,,,,,,,,,,,,,,,,,,,,,,,,,,,,,,,
3.1,-2.6,-5,12,6.5,1,0,0,0,07:18:00,20:00:00,12.7,,,,,,,,,,,,,,,,,,,,,,,,,,,,,,,,,,,,
2.75,0.4,0,14,9.5,5,0,0,0,07:20:00,19:58:00,12.63,,,,,,,,,,,,,,,,,,,,,,,,,,,,,,,,,,,,
2.5,0.6,0,13,7.5,2,0,1.4,1,07:23:00,19:57:00,12.57,,,,,,,,,,,,,,,,,,,,,,,,,,,,,,,,,,,,
1.5,0.1,0,19,12,5,0,0,0,07:25:00,19:55:00,12.5,,,,,,,,,,,,,,,,,,,,,,,,,,,,,,,,,,,,
0.39,-1.6,-5,24,15.5,7,32,0,0,07:28:00,19:53:00,12.42,,,,,,,,,,,,,,,,,,,,,,,,,,,,,,,,,,,,
3.3,-2.7,-5,21,10.5,0,35,0,0,07:30:00,19:51:00,12.35,,,,,,,,,,,,,,,,,,,,,,,,,,,,,,,,,,,,
5.5,-1.2,-3,10,5.5,1,0,0,5,07:32:00,19:49:00,12.28,,,,,,,,,,,,,,,,,,,,,,,,,,,,,,,,,,,,
4.7,-3.5,-4,16,8.5,1,0,0,13,07:35:00,19:47:00,12.2,,,,,,,,,,,,,,,,,,,,,,,,,,,,,,,,,,,,
7.6,-1.5,-3,11,5.5,0,0,0,16,07:37:00,19:46:00,12.15,,,,,,,,,,,,,,,,,,,,,,,,,,,,,,,,,,,,
7,-1.6,-3,12,7,2,0,0,22,07:40:00,19:44:00,12.07,,,,,,,,,,,,,,,,,,,,,,,,,,,,,,,,,,,,
4.94,-2.3,-1,12,7.5,3,0,0,26,07:42:00,19:42:00,12,,,,,,,,,,,,,,,,,,,,,,,,,,,,,,,,,,,,
3.65,-3,-6,16,10,4,0,0,31,07:45:00,19:40:00,11.92,,,,,,,,,,,,,,,,,,,,,,,,,,,,,,,,,,,,
-1.35,-10.5,-13,11,6.5,2,0,0,30,07:47:00,19:38:00,11.85,,,,,,,,,,,,,,,,,,,,,,,,,,,,,,,,,,,,
1.2,-3.3,-6,21,12,3,36,0,33,07:49:00,19:36:00,11.78,,,,,,,,,,,,,,,,,,,,,,,,,,,,,,,,,,,,
-2.04,-10,-12,17,9.5,2,0,0,32,07:52:00,19:34:00,11.7,,,,,,,,,,,,,,,,,,,,,,,,,,,,,,,,,,,,
-0.2,-5.7,-7,11,8,5,0,0,34,07:54:00,19:33:00,11.65,,,,,,,,,,,,,,,,,,,,,,,,,,,,,,,,,,,,
0.04,-5,-8,22,12.5,3,42,0,35,07:57:00,19:31:00,11.57,,,,,,,,,,,,,,,,,,,,,,,,,,,,,,,,,,,,
0.3,-8.2,-10,21,12.5,4,0,0,36,07:59:00,19:29:00,11.5,,,,,,,,,,,,,,,,,,,,,,,,,,,,,,,,,,,,
-7.6,-16.6,-23,17,10.5,4,0,0.2,36,08:01:00,19:27:00,11.43,,,,,,,,,,,,,,,,,,,,,,,,,,,,,,,,,,,,
-6.15,-11.3,-17,10,5.5,1,0,0,37,07:04:00,18:25:00,11.35,,,,,,,,,,,,,,,,,,,,,,,,,,,,,,,,,,,,
-9.35,-13,-19,21,12,3,0,3.3,32,07:06:00,18:23:00,11.28,,,,,,,,,,,,,,,,,,,,,,,,,,,,,,,,,,,,
-12.1,-17.5,-24,13,7.5,2,32,0,31,07:08:00,18:21:00,11.22,,,,,,,,,,,,,,,,,,,,,,,,,,,,,,,,,,,,
-14.85,-19.1,-24,28,14.5,1,42,0,31,07:11:00,18:19:00,11.13,,,,,,,,,,,,,,,,,,,,,,,,,,,,,,,,,,,,
-13.35,-16.7,-22,19,10,1,28,0,32,07:13:00,18:18:00,11.08,,,,,,,,,,,,,,,,,,,,,,,,,,,,,,,,,,,,
-14.15,-23.3,-27,16,9,2,0,0,32,07:16:00,18:16:00,11,,,,,,,,,,,,,,,,,,,,,,,,,,,,,,,,,,,,
-18.79,-25.4,-32,14,8,2,0,0,32,07:18:00,18:14:00,10.93,,,,,,,,,,,,,,,,,,,,,,,,,,,,,,,,,,,,
-23.1,-28,-37,15,10.5,6,0,0,32,07:20:00,18:12:00,10.87,,,,,,,,,,,,,,,,,,,,,,,,,,,,,,,,,,,,
-20.9,-25.1,-36,19,12,5,31,0,32,07:23:00,18:10:00,10.78,,,,,,,,,,,,,,,,,,,,,,,,,,,,,,,,,,,,
-11.39,-16.7,-25,22,15,8,36,0,32,07:25:00,18:08:00,10.72,,,,,,,,,,,,,,,,,,,,,,,,,,,,,,,,,,,,
-8.85,-16.7,-21,19,13,7,32,0,32,07:27:00,18:06:00,10.65,,,,,,,,,,,,,,,,,,,,,,,,,,,,,,,,,,,,
-18,-28.8,-36,13,8.5,4,0,0,32,07:29:00,18:04:00,10.58,,,,,,,,,,,,,,,,,,,,,,,,,,,,,,,,,,,,
-20.3,-30.3,-36,11,6,1,0,0,31,07:32:00,18:02:00,10.5,,,,,,,,,,,,,,,,,,,,,,,,,,,,,,,,,,,,
-18.1,-23.7,-29,8,4.5,1,0,0,32,07:34:00,18:00:00,10.43,,,,,,,,,,,,,,,,,,,,,,,,,,,,,,,,,,,,
-15.05,-18.4,-26,25,15,5,41,0,32,07:36:00,17:58:00,10.37,,,,,,,,,,,,,,,,,,,,,,,,,,,,,,,,,,,,
-7.6,-15.2,-23,26,13,0,37,0,32,07:38:00,17:56:00,10.3,,,,,,,,,,,,,,,,,,,,,,,,,,,,,,,,,,,,
-14.95,-19.5,-24,22,12,2,32,0.2,32,07:41:00,17:55:00,10.23,,,,,,,,,,,,,,,,,,,,,,,,,,,,,,,,,,,,
-8.85,-14.2,-21,23,14,5,37,0.4,32,07:43:00,17:53:00,10.17,,,,,,,,,,,,,,,,,,,,,,,,,,,,,,,,,,,,
-10.35,-19,-25,17,10,3,31,0,32,07:45:00,17:51:00,10.1,,,,,,,,,,,,,,,,,,,,,,,,,,,,,,,,,,,,
-19.8,-25.5,-32,26,13,0,36,0,32,07:47:00,17:49:00,10.03,,,,,,,,,,,,,,,,,,,,,,,,,,,,,,,,,,,,
-18.55,-20.3,-28,13,7.5,2,0,0,33,07:49:00,17:47:00,9.97,,,,,,,,,,,,,,,,,,,,,,,,,,,,,,,,,,,,
-17.2,-20.1,-25,15,11,7,0,1.7,33,07:51:00,17:45:00,9.9,,,,,,,,,,,,,,,,,,,,,,,,,,,,,,,,,,,,
-22.7,-25.5,-32,11,7.5,4,0,1,31,07:53:00,17:43:00,9.83,,,,,,,,,,,,,,,,,,,,,,,,,,,,,,,,,,,,
-20.3,-26.2,-30,12,6,0,0,0,30,07:55:00,17:41:00,9.77,,,,,,,,,,,,,,,,,,,,,,,,,,,,,,,,,,,,
-21.15,-28.1,-32,12,6,0,0,0,30,07:57:00,17:39:00,9.7,,,,,,,,,,,,,,,,,,,,,,,,,,,,,,,,,,,,
-23.9,-30,-35,9,4.5,0,0,0,30,07:59:00,17:37:00,9.63,,,,,,,,,,,,,,,,,,,,,,,,,,,,,,,,,,,,
-22.2,-24.1,-32,13,9,5,0,1.4,31,08:01:00,17:35:00,9.57,,,,,,,,,,,,,,,,,,,,,,,,,,,,,,,,,,,,
-25.2,-29,-39,15,9,3,0,0,29,08:03:00,17:33:00,9.5,,,,,,,,,,,,,,,,,,,,,,,,,,,,,,,,,,,,
-25.6,-30.8,-39,19,9.5,0,0,0.2,29,08:05:00,17:31:00,9.43,,,,,,,,,,,,,,,,,,,,,,,,,,,,,,,,,,,,
-23.29,-26.4,-36,20,13.5,7,34,0.2,31,08:07:00,17:29:00,9.37,,,,,,,,,,,,,,,,,,,,,,,,,,,,,,,,,,,,
-22.05,-27.3,-32,15,7.5,0,0,0,31,08:09:00,17:27:00,9.3,,,,,,,,,,,,,,,,,,,,,,,,,,,,,,,,,,,,
-23.5,-28,-33,12,6,0,0,0,31,08:11:00,17:25:00,9.23,,,,,,,,,,,,,,,,,,,,,,,,,,,,,,,,,,,,
-27.29,-32.8,-37,12,6,0,0,0.2,31,08:13:00,17:23:00,9.17,,,,,,,,,,,,,,,,,,,,,,,,,,,,,,,,,,,,
-27.1,-29.5,-36,8,4.5,1,0,1.3,31,08:15:00,17:21:00,9.1,,,,,,,,,,,,,,,,,,,,,,,,,,,,,,,,,,,,
-28.4,-29.9,-41,19,12,5,30,1.3,31,08:16:00,17:19:00,9.05,,,,,,,,,,,,,,,,,,,,,,,,,,,,,,,,,,,,
-23.65,-27.2,-38,20,15,10,31,2,28,08:18:00,17:17:00,8.98,,,,,,,,,,,,,,,,,,,,,,,,,,,,,,,,,,,,
-17.2,-20.3,-30,21,17,13,34,4.4,27,08:20:00,17:15:00,8.92,,,,,,,,,,,,,,,,,,,,,,,,,,,,,,,,,,,,
-4.84,-14.1,-24,24,13.5,3,35,0.7,28,08:21:00,17:13:00,8.87,,,,,,,,,,,,,,,,,,,,,,,,,,,,,,,,,,,,
-4.55,-11.7,-15,12,7,2,0,3.1,26,08:23:00,17:11:00,8.8,,,,,,,,,,,,,,,,,,,,,,,,,,,,,,,,,,,,
-12.45,-16,-22,19,11.5,4,0,0,25,08:25:00,17:09:00,8.73,,,,,,,,,,,,,,,,,,,,,,,,,,,,,,,,,,,,
-8.3,-13.4,-20,17,11,5,28,0,25,08:26:00,17:07:00,8.68,,,,,,,,,,,,,,,,,,,,,,,,,,,,,,,,,,,,
3,-3.3,-10,38,27,16,62,0.4,27,08:28:00,17:06:00,8.63,,,,,,,,,,,,,,,,,,,,,,,,,,,,,,,,,,,,
5.15,2.7,0,21,13.5,6,39,0,30,08:29:00,17:04:00,8.58,,,,,,,,,,,,,,,,,,,,,,,,,,,,,,,,,,,,
-0.89,-5.8,-5,20,11,2,33,0.3,31,08:31:00,17:02:00,8.52,,,,,,,,,,,,,,,,,,,,,,,,,,,,,,,,,,,,
-10.39,-21.9,-26,20,12,4,37,0,31,08:32:00,17:00:00,8.47,,,,,,,,,,,,,,,,,,,,,,,,,,,,,,,,,,,,
-11.05,-20.8,-26,26,15,4,41,0.6,29,08:33:00,16:58:00,8.42,,,,,,,,,,,,,,,,,,,,,,,,,,,,,,,,,,,,
-5.35,-10.7,-13,13,8.5,4,0,0.5,28,08:35:00,16:56:00,8.35,,,,,,,,,,,,,,,,,,,,,,,,,,,,,,,,,,,,
-4.05,-9.4,-12,10,5,0,0,0.2,28,08:36:00,16:55:00,8.32,,,,,,,,,,,,,,,,,,,,,,,,,,,,,,,,,,,,
-5.3,-12.8,-19,15,9.5,4,0,0,28,08:37:00,16:53:00,8.27,,,,,,,,,,,,,,,,,,,,,,,,,,,,,,,,,,,,
-14.1,-16.1,-25,26,17.5,9,37,0,26,08:38:00,16:51:00,8.22,,,,,,,,,,,,,,,,,,,,,,,,,,,,,,,,,,,,
-15.75,-17.2,-25,17,14.5,12,0,0.9,24,08:40:00,16:49:00,8.15,,,,,,,,,,,,,,,,,,,,,,,,,,,,,,,,,,,,
-18,-20.6,-30,18,13.5,9,0,0.2,24,08:41:00,16:48:00,8.12,,,,,,,,,,,,,,,,,,,,,,,,,,,,,,,,,,,,
-13.45,-16,-24,16,11.5,7,0,0,24,08:42:00,16:46:00,8.07,,,,,,,,,,,,,,,,,,,,,,,,,,,,,,,,,,,,
-6.25,-11.5,-18,14,9,4,0,0,24,08:43:00,16:44:00,8.02,,,,,,,,,,,,,,,,,,,,,,,,,,,,,,,,,,,,
-2.7,-9.3,-14,11,7,3,0,0,25,08:44:00,16:43:00,7.98,,,,,,,,,,,,,,,,,,,,,,,,,,,,,,,,,,,,
-7.65,-11.4,-13,7,3.5,0,0,0,24,08:44:00,16:41:00,7.95,,,,,,,,,,,,,,,,,,,,,,,,,,,,,,,,,,,,
-3.3,-8.1,-12,11,5.5,0,0,0,25,08:45:00,16:39:00,7.9,,,,,,,,,,,,,,,,,,,,,,,,,,,,,,,,,,,,
-8.45,-14.3,-18,18,9.5,1,0,0,25,08:46:00,16:38:00,7.87,,,,,,,,,,,,,,,,,,,,,,,,,,,,,,,,,,,,
-12.64,-16.4,-21,10,5,0,0,0,24,08:47:00,16:36:00,7.82,,,,,,,,,,,,,,,,,,,,,,,,,,,,,,,,,,,,
-10.75,-13.8,-20,26,15.5,5,42,0.5,25,08:47:00,16:35:00,7.8,,,,,,,,,,,,,,,,,,,,,,,,,,,,,,,,,,,,
-16.29,-22.4,-28,19,11,3,0,0,25,08:48:00,16:33:00,7.75,,,,,,,,,,,,,,,,,,,,,,,,,,,,,,,,,,,,
-12.55,-18.7,-28,22,17,12,37,0.3,28,08:48:00,16:32:00,7.73,,,,,,,,,,,,,,,,,,,,,,,,,,,,,,,,,,,,
-4.95,-6.4,-14,24,14.5,5,37,0.6,26,08:49:00,16:31:00,7.7,,,,,,,,,,,,,,,,,,,,,,,,,,,,,,,,,,,,
-4.8,-5.9,-11,26,15,4,39,0,24,08:49:00,16:29:00,7.67,,,,,,,,,,,,,,,,,,,,,,,,,,,,,,,,,,,,
-2.9,-4.8,-8,17,11,5,0,3.1,21,08:50:00,16:28:00,7.63,,,,,,,,,,,,,,,,,,,,,,,,,,,,,,,,,,,,
2.15,-1.2,-4,11,6.5,2,0,0,21,08:50:00,16:27:00,7.62,,,,,,,,,,,,,,,,,,,,,,,,,,,,,,,,,,,,
4.89,1.2,0,13,8.5,4,0,0,23,08:50:00,16:26:00,7.6,,,,,,,,,,,,,,,,,,,,,,,,,,,,,,,,,,,,
-3.95,-10.8,-16,21,12.5,4,36,1,20,08:50:00,16:25:00,7.58,,,,,,,,,,,,,,,,,,,,,,,,,,,,,,,,,,,,
-12.35,-17.4,-24,23,13.5,4,30,0,18,08:51:00,16:24:00,7.55,,,,,,,,,,,,,,,,,,,,,,,,,,,,,,,,,,,,
-12.8,-20.3,-26,24,12.5,1,41,0.5,21,08:51:00,16:23:00,7.53,,,,,,,,,,,,,,,,,,,,,,,,,,,,,,,,,,,,
-4.05,-5.9,-11,16,9.5,3,0,5.3,14,08:51:00,16:22:00,7.52,,,,,,,,,,,,,,,,,,,,,,,,,,,,,,,,,,,,
-7.19,-12.2,-16,11,7.5,4,0,0.2,14,08:50:00,16:21:00,7.52,,,,,,,,,,,,,,,,,,,,,,,,,,,,,,,,,,,,
-12.2,-16.1,-21,12,7,2,0,0,15,08:50:00,16:20:00,7.5,,,,,,,,,,,,,,,,,,,,,,,,,,,,,,,,,,,,
-14,-18.4,-25,15,10,5,0,0,15,08:50:00,16:19:00,7.48,,,,,,,,,,,,,,,,,,,,,,,,,,,,,,,,,,,,
-7.65,-10,-14,13,6.5,0,0,1.6,14,08:50:00,16:18:00,7.47,,,,,,,,,,,,,,,,,,,,,,,,,,,,,,,,,,,,
-9.6,-12.9,-16,13,8,3,0,0,14,08:50:00,16:18:00,7.47,,,,,,,,,,,,,,,,,,,,,,,,,,,,,,,,,,,,
-9.05,-12.5,-17,16,10,4,0,0,15,08:49:00,16:17:00,7.47,,,,,,,,,,,,,,,,,,,,,,,,,,,,,,,,,,,,
-7.6,-12.3,-16,18,9,0,34,0,14,08:49:00,16:17:00,7.47,,,,,,,,,,,,,,,,,,,,,,,,,,,,,,,,,,,,
-2.1,-4.4,-11,34,21,8,64,0,15,08:48:00,16:16:00,7.47,,,,,,,,,,,,,,,,,,,,,,,,,,,,,,,,,,,,
-2.7,-8,-9,27,13.5,0,47,0,14,08:48:00,16:16:00,7.47,,,,,,,,,,,,,,,,,,,,,,,,,,,,,,,,,,,,
-0.25,-6.8,-10,10,5.5,1,0,0,14,08:47:00,16:15:00,7.47,,,,,,,,,,,,,,,,,,,,,,,,,,,,,,,,,,,,
-1.85,-7.3,-8,7,3.5,0,0,0,14,08:46:00,16:15:00,7.48,,,,,,,,,,,,,,,,,,,,,,,,,,,,,,,,,,,,
-5.2,-9.8,-13,10,5.5,1,0,0,15,08:46:00,16:15:00,7.48,,,,,,,,,,,,,,,,,,,,,,,,,,,,,,,,,,,,
-7.5,-11.3,-15,20,12,4,43,0,15,08:45:00,16:15:00,7.5,,,,,,,,,,,,,,,,,,,,,,,,,,,,,,,,,,,,
-1.85,-8.9,-12,35,17.5,0,66,0,15,08:44:00,16:14:00,7.5,,,,,,,,,,,,,,,,,,,,,,,,,,,,,,,,,,,,
0.54,-4.5,-8,24,16,8,31,0,15,08:43:00,16:14:00,7.52,,,,,,,,,,,,,,,,,,,,,,,,,,,,,,,,,,,,
1.04,-4.2,-8,19,10.5,2,28,0,15,08:42:00,16:14:00,7.53,,,,,,,,,,,,,,,,,,,,,,,,,,,,,,,,,,,,
0.09,-3.9,-8,29,15.5,2,54,0,15,08:41:00,16:14:00,7.55,,,,,,,,,,,,,,,,,,,,,,,,,,,,,,,,,,,,
-5.75,-9.4,-12,17,9.5,2,0,0,15,08:40:00,16:15:00,7.58,,,,,,,,,,,,,,,,,,,,,,,,,,,,,,,,,,,,
-3.09,-8.7,-12,12,7.5,3,0,3,15,08:39:00,16:15:00,7.6,,,,,,,,,,,,,,,,,,,,,,,,,,,,,,,,,,,,
-6.6,-12.1,-17,13,7.5,2,0,0,15,08:38:00,16:15:00,7.62,,,,,,,,,,,,,,,,,,,,,,,,,,,,,,,,,,,,
-8.4,-13.2,-18,11,7,3,0,0,16,08:37:00,16:15:00,7.63,,,,,,,,,,,,,,,,,,,,,,,,,,,,,,,,,,,,
-13.1,-18,-23,9,5,1,0,0,16,08:35:00,16:16:00,7.68,,,,,,,,,,,,,,,,,,,,,,,,,,,,,,,,,,,,
-11.3,-15.8,-22,9,6,3,0,0,17,08:34:00,16:16:00,7.7,,,,,,,,,,,,,,,,,,,,,,,,,,,,,,,,,,,,
-9.05,-12,-19,24,14.5,5,46,0,20,08:33:00,16:17:00,7.73,,,,,,,,,,,,,,,,,,,,,,,,,,,,,,,,,,,,
-8.44,-15.4,-17,30,15,0,62,0,22,08:31:00,16:17:00,7.77,,,,,,,,,,,,,,,,,,,,,,,,,,,,,,,,,,,,
-9.15,-14.6,-16,18,9.5,1,31,2.9,27,08:30:00,16:18:00,7.8,,,,,,,,,,,,,,,,,,,,,,,,,,,,,,,,,,,,
-5.4,-6.4,-12,18,11,4,0,9,7,08:28:00,16:18:00,7.83,,,,,,,,,,,,,,,,,,,,,,,,,,,,,,,,,,,,
-3.15,-5.3,-11,15,8,1,0,2.3,1,08:27:00,16:19:00,7.87,,,,,,,,,,,,,,,,,,,,,,,,,,,,,,,,,,,,
0.5,-2,-4,8,4,0,0,0.8,1,08:25:00,16:20:00,7.92,,,,,,,,,,,,,,,,,,,,,,,,,,,,,,,,,,,,
0.54,-3.5,-7,8,5.5,3,0,0,0,08:24:00,16:21:00,7.95,,,,,,,,,,,,,,,,,,,,,,,,,,,,,,,,,,,,
0.79,-4.5,-8,10,6,2,0,0,0,08:22:00,16:22:00,8,,,,,,,,,,,,,,,,,,,,,,,,,,,,,,,,,,,,
-2.1,-3.2,-7,11,6,1,0,0,0,08:21:00,16:23:00,8.03,,,,,,,,,,,,,,,,,,,,,,,,,,,,,,,,,,,,
-3.4,-6.1,-12,24,16.5,9,34,0,0,08:19:00,16:24:00,8.08,,,,,,,,,,,,,,,,,,,,,,,,,,,,,,,,,,,,
-0.45,-4.9,-9,15,8,1,0,0,0,08:17:00,16:25:00,8.13,,,,,,,,,,,,,,,,,,,,,,,,,,,,,,,,,,,,
-5.55,-7.6,-12,18,11,4,0,0,0,08:16:00,16:26:00,8.17,,,,,,,,,,,,,,,,,,,,,,,,,,,,,,,,,,,,
-2.59,-6.6,-12,14,8.5,3,0,0,0,08:14:00,16:27:00,8.22,,,,,,,,,,,,,,,,,,,,,,,,,,,,,,,,,,,,
2.2,-1.9,-2,10,5.5,1,0,0,0,08:12:00,16:28:00,8.27,,,,,,,,,,,,,,,,,,,,,,,,,,,,,,,,,,,,
3.2,-0.8,-2,8,4,0,0,0,0,08:10:00,16:29:00,8.32,,,,,,,,,,,,,,,,,,,,,,,,,,,,,,,,,,,,
3.2,-2.3,-5,10,6,2,0,0,0,08:09:00,16:31:00,8.37,,,,,,,,,,,,,,,,,,,,,,,,,,,,,,,,,,,,
1.2,-4.3,-8,14,9,4,0,0,0,08:07:00,16:32:00,8.42,,,,,,,,,,,,,,,,,,,,,,,,,,,,,,,,,,,,
-0.35,-4.7,-9,18,11.5,5,33,3.4,0,08:05:00,16:33:00,8.47,,,,,,,,,,,,,,,,,,,,,,,,,,,,,,,,,,,,
-9.4,-16.1,-22,12,7,2,0,0.7,3,08:03:00,16:35:00,8.53,,,,,,,,,,,,,,,,,,,,,,,,,,,,,,,,,,,,
-10.64,-15.7,-21,25,13,1,42,0.4,4,08:01:00,16:36:00,8.58,,,,,,,,,,,,,,,,,,,,,,,,,,,,,,,,,,,,
-0.69,-5.6,-13,27,16,5,43,4.5,0,08:00:00,16:38:00,8.63,,,,,,,,,,,,,,,,,,,,,,,,,,,,,,,,,,,,
6.44,2.3,0,13,8,3,0,0,4,07:58:00,16:39:00,8.68,,,,,,,,,,,,,,,,,,,,,,,,,,,,,,,,,,,,
4,-1.1,-4,10,6.5,3,0,0,3,07:56:00,16:41:00,8.75,,,,,,,,,,,,,,,,,,,,,,,,,,,,,,,,,,,,
-1.64,-8.2,-11,12,8.5,5,0,0,3,07:54:00,16:42:00,8.8,,,,,,,,,,,,,,,,,,,,,,,,,,,,,,,,,,,,
-7,-10.7,-14,15,9.5,4,0,0,2,07:52:00,16:44:00,8.87,,,,,,,,,,,,,,,,,,,,,,,,,,,,,,,,,,,,
-0.39,-3.3,-9,22,15.5,9,38,0.4,0,07:50:00,16:46:00,8.93,,,,,,,,,,,,,,,,,,,,,,,,,,,,,,,,,,,,
-4.15,-11.5,-18,19,11,3,32,1.5,4,07:48:00,16:47:00,8.98,,,,,,,,,,,,,,,,,,,,,,,,,,,,,,,,,,,,
-11.6,-14.7,-20,23,12,1,32,0,2,07:46:00,16:49:00,9.05,,,,,,,,,,,,,,,,,,,,,,,,,,,,,,,,,,,,
-8.65,-11.6,-17,14,7.5,1,0,0.2,4,07:44:00,16:51:00,9.12,,,,,,,,,,,,,,,,,,,,,,,,,,,,,,,,,,,,
-11.6,-13.3,-19,16,10,4,0,0,4,07:43:00,16:53:00,9.17,,,,,,,,,,,,,,,,,,,,,,,,,,,,,,,,,,,,
-8.55,-10.9,-18,18,12.5,7,39,0.8,5,07:41:00,16:55:00,9.23,,,,,,,,,,,,,,,,,,,,,,,,,,,,,,,,,,,,
-1.9,-6.2,-14,26,14.5,3,48,2.6,3,07:39:00,16:56:00,9.28,,,,,,,,,,,,,,,,,,,,,,,,,,,,,,,,,,,,
1,-4.9,-7,12,7.5,3,0,0,0,08:37:00,17:58:00,9.35,,,,,,,,,,,,,,,,,,,,,,,,,,,,,,,,,,,,
-0.95,-1.8,-7,19,10,1,31,0,0,08:35:00,18:00:00,9.42,,,,,,,,,,,,,,,,,,,,,,,,,,,,,,,,,,,,
1.35,-0.7,-5,18,11.5,5,34,0,0,08:33:00,18:02:00,9.48,,,,,,,,,,,,,,,,,,,,,,,,,,,,,,,,,,,,
3.75,-0.8,-4,13,7,1,0,0,1,08:31:00,18:04:00,9.55,,,,,,,,,,,,,,,,,,,,,,,,,,,,,,,,,,,,
4.3,0.4,0,20,12.5,5,35,0,0,08:29:00,18:06:00,9.62,,,,,,,,,,,,,,,,,,,,,,,,,,,,,,,,,,,,
4.85,0.9,0,20,11.5,3,36,0,1,08:27:00,18:08:00,9.68,,,,,,,,,,,,,,,,,,,,,,,,,,,,,,,,,,,,
2.95,-2.5,-4,25,13,1,44,1.2,0,08:25:00,18:10:00,9.75,,,,,,,,,,,,,,,,,,,,,,,,,,,,,,,,,,,,
5.44,0.2,0,33,18,3,55,0,1,08:23:00,18:12:00,9.82,,,,,,,,,,,,,,,,,,,,,,,,,,,,,,,,,,,,
6.3,-0.3,0,20,11,2,41,0,0,08:21:00,18:14:00,9.88,,,,,,,,,,,,,,,,,,,,,,,,,,,,,,,,,,,,
8.94,1.4,0,19,10,1,0,0,1,08:19:00,18:17:00,9.97,,,,,,,,,,,,,,,,,,,,,,,,,,,,,,,,,,,,
6.3,-1.4,-4,9,5,1,0,0,0,08:18:00,18:19:00,10.02,,,,,,,,,,,,,,,,,,,,,,,,,,,,,,,,,,,,
6.55,-0.4,0,16,8.5,1,0,0,1,08:16:00,18:21:00,10.08,,,,,,,,,,,,,,,,,,,,,,,,,,,,,,,,,,,,
5.75,-2.9,-4,24,12,0,36,0,0,08:14:00,18:23:00,10.15,,,,,,,,,,,,,,,,,,,,,,,,,,,,,,,,,,,,
6.5,0.6,0,17,9.5,2,0,0,0,08:12:00,18:25:00,10.22,,,,,,,,,,,,,,,,,,,,,,,,,,,,,,,,,,,,
10.15,3,0,30,17.5,5,46,0,0,08:10:00,18:27:00,10.28,,,,,,,,,,,,,,,,,,,,,,,,,,,,,,,,,,,,
6.45,-1.7,-2,16,9,2,0,0,0,08:08:00,18:30:00,10.37,,,,,,,,,,,,,,,,,,,,,,,,,,,,,,,,,,,,
11.15,5.2,0,25,14,3,44,0,0,08:06:00,18:32:00,10.43,,,,,,,,,,,,,,,,,,,,,,,,,,,,,,,,,,,,
13.8,2.9,0,13,8,3,0,0,0,08:04:00,18:34:00,10.5,,,,,,,,,,,,,,,,,,,,,,,,,,,,,,,,,,,,
9.6,1.4,0,17,8.5,0,0,0,0,08:03:00,18:36:00,10.55,,,,,,,,,,,,,,,,,,,,,,,,,,,,,,,,,,,,
10.8,7.7,0,21,13,5,35,0,0,08:01:00,18:39:00,10.63,,,,,,,,,,,,,,,,,,,,,,,,,,,,,,,,,,,,
3.45,-4.9,-8,19,11.5,4,0,0,0,07:59:00,18:41:00,10.7,,,,,,,,,,,,,,,,,,,,,,,,,,,,,,,,,,,,
-1,-3.5,-8,20,10.5,1,34,0,0,07:57:00,18:43:00,10.77,,,,,,,,,,,,,,,,,,,,,,,,,,,,,,,,,,,,
2.6,-1,-7,24,12.5,1,49,8.1,0,07:55:00,18:46:00,10.85,,,,,,,,,,,,,,,,,,,,,,,,,,,,,,,,,,,,
2.25,-1,-3,18,10,2,0,0.7,4,07:53:00,18:48:00,10.92,,,,,,,,,,,,,,,,,,,,,,,,,,,,,,,,,,,,
-1.2,-3,-8,21,13.5,6,31,0,6,07:51:00,18:50:00,10.98,,,,,,,,,,,,,,,,,,,,,,,,,,,,,,,,,,,,
-3.45,-5,-11,18,14,10,0,0.2,7,07:50:00,18:53:00,11.05,,,,,,,,,,,,,,,,,,,,,,,,,,,,,,,,,,,,
-2.8,-3.8,-9,21,16.5,12,35,1.4,9,07:48:00,18:55:00,11.12,,,,,,,,,,,,,,,,,,,,,,,,,,,,,,,,,,,,
2.8,-1.8,-8,22,12.5,3,34,3.9,1,07:46:00,18:57:00,11.18,,,,,,,,,,,,,,,,,,,,,,,,,,,,,,,,,,,,
4.5,-2.2,-5,15,9,3,0,0,0,07:44:00,19:00:00,11.27,,,,,,,,,,,,,,,,,,,,,,,,,,,,,,,,,,,,
3.45,-3.3,-5,12,7.5,3,0,0,0,07:42:00,19:02:00,11.33,,,,,,,,,,,,,,,,,,,,,,,,,,,,,,,,,,,,
3.85,-2.2,-5,21,13.5,6,33,0,1,07:41:00,19:05:00,11.4,,,,,,,,,,,,,,,,,,,,,,,,,,,,,,,,,,,,
1.9,-3.5,-8,18,12,6,31,0,1,07:39:00,19:07:00,11.47,,,,,,,,,,,,,,,,,,,,,,,,,,,,,,,,,,,,
-0.05,-4.2,-7,14,9.5,5,0,0.2,1,07:37:00,19:09:00,11.53,,,,,,,,,,,,,,,,,,,,,,,,,,,,,,,,,,,,
1.79,-0.7,-2,16,8.5,1,0,0,0,07:35:00,19:12:00,11.62,,,,,,,,,,,,,,,,,,,,,,,,,,,,,,,,,,,,
1.95,-1.6,-4,18,11.5,5,32,0,0,07:33:00,19:14:00,11.68,,,,,,,,,,,,,,,,,,,,,,,,,,,,,,,,,,,,
0.75,-1.7,-5,18,12.5,7,30,0,0,07:32:00,19:17:00,11.75,,,,,,,,,,,,,,,,,,,,,,,,,,,,,,,,,,,,
5.09,1.6,0,10,5.5,1,0,0,0,07:30:00,19:19:00,11.82,,,,,,,,,,,,,,,,,,,,,,,,,,,,,,,,,,,,
5.85,2.6,0,17,11,5,0,0,0,07:28:00,19:22:00,11.9,,,,,,,,,,,,,,,,,,,,,,,,,,,,,,,,,,,,
10.15,6.5,0,23,15.5,8,38,0.9,0,07:26:00,19:24:00,11.97,,,,,,,,,,,,,,,,,,,,,,,,,,,,,,,,,,,,
8.7,0.3,0,15,9,3,27,0,0,07:25:00,19:26:00,12.02,,,,,,,,,,,,,,,,,,,,,,,,,,,,,,,,,,,,
8.35,4,0,29,16.5,4,44,0.2,0,07:23:00,19:29:00,12.1,,,,,,,,,,,,,,,,,,,,,,,,,,,,,,,,,,,,
4.1,-0.1,0,16,11.5,7,0,0,5,07:21:00,19:31:00,12.17,,,,,,,,,,,,,,,,,,,,,,,,,,,,,,,,,,,,
-0.09,-1.2,-6,21,15,9,35,5.1,5,07:19:00,19:34:00,12.25,,,,,,,,,,,,,,,,,,,,,,,,,,,,,,,,,,,,
1.09,-0.1,0,19,11.5,4,0,9.6,3,07:18:00,19:36:00,12.3,,,,,,,,,,,,,,,,,,,,,,,,,,,,,,,,,,,,
5.5,1.4,0,24,12.5,1,35,0,0,07:16:00,19:39:00,12.38,,,,,,,,,,,,,,,,,,,,,,,,,,,,,,,,,,,,
6.55,-1.1,-4,10,5.5,1,0,0,0,07:14:00,19:41:00,12.45,,,,,,,,,,,,,,,,,,,,,,,,,,,,,,,,,,,,
6.65,0.6,0,18,10.5,3,0,0,0,07:12:00,19:44:00,12.53,,,,,,,,,,,,,,,,,,,,,,,,,,,,,,,,,,,,
3.35,1.5,0,11,7,3,0,0.2,0,07:11:00,19:46:00,12.58,,,,,,,,,,,,,,,,,,,,,,,,,,,,,,,,,,,,
2.15,1,0,15,11,7,0,10.8,0,07:09:00,19:49:00,12.67,,,,,,,,,,,,,,,,,,,,,,,,,,,,,,,,,,,,
1.55,0.5,0,20,14,8,27,16.2,0,07:07:00,19:51:00,12.73,,,,,,,,,,,,,,,,,,,,,,,,,,,,,,,,,,,,
2.04,0.1,0,17,8.5,0,0,0,3,07:05:00,19:54:00,12.82,,,,,,,,,,,,,,,,,,,,,,,,,,,,,,,,,,,,
-0.25,-1.8,-6,16,9,2,0,2.7,2,07:04:00,19:56:00,12.87,,,,,,,,,,,,,,,,,,,,,,,,,,,,,,,,,,,,
3.65,-1.5,-7,28,16.5,5,41,4.2,0,07:02:00,19:58:00,12.93,,,,,,,,,,,,,,,,,,,,,,,,,,,,,,,,,,,,
8.89,4.1,0,12,7.5,3,0,1,0,07:00:00,20:01:00,13.02,,,,,,,,,,,,,,,,,,,,,,,,,,,,,,,,,,,,
7.94,6.2,0,15,8,1,0,3,0,06:58:00,20:03:00,13.08,,,,,,,,,,,,,,,,,,,,,,,,,,,,,,,,,,,,
10.05,7.3,0,20,14.5,9,34,0,0,06:57:00,20:06:00,13.15,,,,,,,,,,,,,,,,,,,,,,,,,,,,,,,,,,,,
13.55,9.4,0,16,9,2,0,0,0,06:55:00,20:08:00,13.22,,,,,,,,,,,,,,,,,,,,,,,,,,,,,,,,,,,,
18,9.9,0,15,7.5,0,0,0,0,06:53:00,20:11:00,13.3,,,,,,,,,,,,,,,,,,,,,,,,,,,,,,,,,,,,
15.1,9.1,0,22,16.5,11,31,0,0,06:51:00,20:13:00,13.37,,,,,,,,,,,,,,,,,,,,,,,,,,,,,,,,,,,,
12.45,3.5,0,22,12.5,3,0,0,0,06:50:00,20:15:00,13.42,,,,,,,,,,,,,,,,,,,,,,,,,,,,,,,,,,,,
10.55,5.1,0,13,7.5,2,0,0,0,06:48:00,20:18:00,13.5,,,,,,,,,,,,,,,,,,,,,,,,,,,,,,,,,,,,
10.25,5.3,0,30,17,4,44,2.3,0,06:46:00,20:20:00,13.57,,,,,,,,,,,,,,,,,,,,,,,,,,,,,,,,,,,,
11.2,4.1,0,19,11.5,4,34,0,0,06:44:00,20:23:00,13.65,,,,,,,,,,,,,,,,,,,,,,,,,,,,,,,,,,,,
12.6,7.8,0,28,15.5,3,47,2.1,0,06:43:00,20:25:00,13.7,,,,,,,,,,,,,,,,,,,,,,,,,,,,,,,,,,,,
12.55,4.7,0,16,8.5,1,32,2.6,0,06:41:00,20:27:00,13.77,,,,,,,,,,,,,,,,,,,,,,,,,,,,,,,,,,,,
14.4,10.2,0,26,17.5,9,47,0,0,06:39:00,20:30:00,13.85,,,,,,,,,,,,,,,,,,,,,,,,,,,,,,,,,,,,
14.9,11.8,0,13,6.5,0,0,1.4,0,06:38:00,20:32:00,13.9,,,,,,,,,,,,,,,,,,,,,,,,,,,,,,,,,,,,
14.9,7.7,0,18,11,4,48,2.3,0,06:36:00,20:34:00,13.97,,,,,,,,,,,,,,,,,,,,,,,,,,,,,,,,,,,,
10.55,6.5,0,22,13,4,38,1,0,06:34:00,20:37:00,14.05,,,,,,,,,,,,,,,,,,,,,,,,,,,,,,,,,,,,
13.3,9.3,0,20,12,4,35,0.5,0,06:32:00,20:39:00,14.12,,,,,,,,,,,,,,,,,,,,,,,,,,,,,,,,,,,,
11.2,3,0,14,7,0,0,0,0,06:31:00,20:41:00,14.17,,,,,,,,,,,,,,,,,,,,,,,,,,,,,,,,,,,,
9.39,7.1,0,21,13.5,6,33,0,0,06:29:00,20:44:00,14.25,,,,,,,,,,,,,,,,,,,,,,,,,,,,,,,,,,,,
16.2,10.3,0,21,11,1,31,0,0,06:27:00,20:46:00,14.32,,,,,,,,,,,,,,,,,,,,,,,,,,,,,,,,,,,,
18.95,11.5,0,14,9,4,0,0,0,06:25:00,20:48:00,14.38,,,,,,,,,,,,,,,,,,,,,,,,,,,,,,,,,,,,
17.85,8.9,0,11,6.5,2,0,0,0,06:24:00,20:51:00,14.45,,,,,,,,,,,,,,,,,,,,,,,,,,,,,,,,,,,,
15.55,8.2,0,12,6,0,32,0,0,06:22:00,20:53:00,14.52,,,,,,,,,,,,,,,,,,,,,,,,,,,,,,,,,,,,
15.6,8.3,0,18,9.5,1,0,0,0,06:20:00,20:55:00,14.58,,,,,,,,,,,,,,,,,,,,,,,,,,,,,,,,,,,,
16.3,11.4,0,24,13,2,42,0,0,06:18:00,20:57:00,14.65,,,,,,,,,,,,,,,,,,,,,,,,,,,,,,,,,,,,
19.95,13.4,0,13,7.5,2,0,0.5,0,06:17:00,20:59:00,14.7,,,,,,,,,,,,,,,,,,,,,,,,,,,,,,,,,,,,
20.14,13.4,0,14,7,0,0,0,0,06:15:00,21:02:00,14.78,,,,,,,,,,,,,,,,,,,,,,,,,,,,,,,,,,,,
18,13.7,0,14,9,4,0,0,0,06:13:00,21:04:00,14.85,,,,,,,,,,,,,,,,,,,,,,,,,,,,,,,,,,,,
19.2,11.6,0,20,12,4,32,0,0,06:11:00,21:06:00,14.92,,,,,,,,,,,,,,,,,,,,,,,,,,,,,,,,,,,,
13.3,6.9,0,16,10.5,5,0,0,0,06:10:00,21:08:00,14.97,,,,,,,,,,,,,,,,,,,,,,,,,,,,,,,,,,,,
10.35,9.1,0,23,14.5,6,39,14.4,0,06:08:00,21:10:00,15.03,,,,,,,,,,,,,,,,,,,,,,,,,,,,,,,,,,,,
16.1,10.7,0,26,16,6,39,5.2,0,06:06:00,21:12:00,15.1,,,,,,,,,,,,,,,,,,,,,,,,,,,,,,,,,,,,
23.65,15.7,0,19,11.5,4,31,0,0,06:04:00,21:14:00,15.17,,,,,,,,,,,,,,,,,,,,,,,,,,,,,,,,,,,,
24.75,15,0,13,7.5,2,0,0,0,06:03:00,21:16:00,15.22,,,,,,,,,,,,,,,,,,,,,,,,,,,,,,,,,,,,
20.39,12.5,0,14,7.5,1,0,0,0,06:01:00,21:18:00,15.28,,,,,,,,,,,,,,,,,,,,,,,,,,,,,,,,,,,,
20.75,15.9,0,22,13,4,37,0,0,05:59:00,21:20:00,15.35,,,,,,,,,,,,,,,,,,,,,,,,,,,,,,,,,,,,
21.4,13.4,0,26,16,6,41,0,0,05:58:00,21:22:00,15.4,,,,,,,,,,,,,,,,,,,,,,,,,,,,,,,,,,,,
18.55,11.3,0,12,7.5,3,0,0,0,05:56:00,21:24:00,15.47,,,,,,,,,,,,,,,,,,,,,,,,,,,,,,,,,,,,
18.25,15.5,0,17,11.5,6,28,5.1,0,05:54:00,21:26:00,15.53,,,,,,,,,,,,,,,,,,,,,,,,,,,,,,,,,,,,
17.8,14.6,0,25,16.5,8,47,3.5,0,05:53:00,21:28:00,15.58,,,,,,,,,,,,,,,,,,,,,,,,,,,,,,,,,,,,
18.1,12.3,0,22,13.5,5,36,0,0,05:51:00,21:29:00,15.63,,,,,,,,,,,,,,,,,,,,,,,,,,,,,,,,,,,,
22.3,15,0,32,20.5,9,69,4.9,0,05:49:00,21:31:00,15.7,,,,,,,,,,,,,,,,,,,,,,,,,,,,,,,,,,,,
21.55,16.1,0,21,13,5,32,0,0,05:48:00,21:33:00,15.75,,,,,,,,,,,,,,,,,,,,,,,,,,,,,,,,,,,,
21.45,15.2,0,23,14,5,39,0,0,05:46:00,21:35:00,15.82,,,,,,,,,,,,,,,,,,,,,,,,,,,,,,,,,,,,
22.2,13.6,0,12,7.5,3,0,0,0,05:44:00,21:36:00,15.87,,,,,,,,,,,,,,,,,,,,,,,,,,,,,,,,,,,,
20.79,13.2,0,10,6.5,3,0,0,0,05:43:00,21:38:00,15.92,,,,,,,,,,,,,,,,,,,,,,,,,,,,,,,,,,,,
18.89,11.6,0,12,7.5,3,0,0,0,05:41:00,21:40:00,15.98,,,,,,,,,,,,,,,,,,,,,,,,,,,,,,,,,,,,
17.95,11.7,0,14,8,2,0,0,0,05:40:00,21:41:00,16.02,,,,,,,,,,,,,,,,,,,,,,,,,,,,,,,,,,,,
15.7,9,0,9,4.5,0,0,0,0,05:38:00,21:43:00,16.08,,,,,,,,,,,,,,,,,,,,,,,,,,,,,,,,,,,,
16.1,11.9,0,17,10.5,4,31,0,0,05:37:00,21:44:00,16.12,,,,,,,,,,,,,,,,,,,,,,,,,,,,,,,,,,,,
14.95,10.8,0,14,9,4,0,0,0,05:35:00,21:46:00,16.18,,,,,,,,,,,,,,,,,,,,,,,,,,,,,,,,,,,,
16.95,12.2,0,28,14,0,52,0.5,0,05:34:00,21:47:00,16.22,,,,,,,,,,,,,,,,,,,,,,,,,,,,,,,,,,,,
14.35,8.2,0,20,11.5,3,61,3.2,0,05:32:00,21:49:00,16.28,,,,,,,,,,,,,,,,,,,,,,,,,,,,,,,,,,,,
18.7,10.9,0,34,18.5,3,79,23.5,0,05:31:00,21:50:00,16.32,,,,,,,,,,,,,,,,,,,,,,,,,,,,,,,,,,,,
20.5,14.8,0,25,14,3,53,2.7,0,05:29:00,21:51:00,16.37,,,,,,,,,,,,,,,,,,,,,,,,,,,,,,,,,,,,
21.4,15.8,0,28,16.5,5,49,3.4,0,05:28:00,21:53:00,16.42,,,,,,,,,,,,,,,,,,,,,,,,,,,,,,,,,,,,
24.4,16.5,0,13,7,1,0,0,0,05:26:00,21:54:00,16.47,,,,,,,,,,,,,,,,,,,,,,,,,,,,,,,,,,,,
23.15,15.6,0,22,12.5,3,31,0,0,05:25:00,21:55:00,16.5,,,,,,,,,,,,,,,,,,,,,,,,,,,,,,,,,,,,
17.3,9,0,14,8,2,0,0,0,05:24:00,21:56:00,16.53,,,,,,,,,,,,,,,,,,,,,,,,,,,,,,,,,,,,
15.35,10.8,0,33,19.5,6,54,0,0,05:23:00,21:57:00,16.57,,,,,,,,,,,,,,,,,,,,,,,,,,,,,,,,,,,,
17.75,12.3,0,23,14,5,65,14.2,0,05:21:00,21:58:00,16.62,,,,,,,,,,,,,,,,,,,,,,,,,,,,,,,,,,,,
21.7,16.4,0,15,10,5,35,0,0,05:20:00,21:59:00,16.65,,,,,,,,,,,,,,,,,,,,,,,,,,,,,,,,,,,,
20.6,14.5,0,25,14,3,39,1,0,05:19:00,22:00:00,16.68,,,,,,,,,,,,,,,,,,,,,,,,,,,,,,,,,,,,
20.25,14.4,0,28,14.5,1,41,9.2,0,05:18:00,22:01:00,16.72,,,,,,,,,,,,,,,,,,,,,,,,,,,,,,,,,,,,
20.14,13.4,0,18,10,2,32,1.1,0,05:17:00,22:02:00,16.75,,,,,,,,,,,,,,,,,,,,,,,,,,,,,,,,,,,,
16.35,9.7,0,16,9,2,32,0,0,05:16:00,22:03:00,16.78,,,,,,,,,,,,,,,,,,,,,,,,,,,,,,,,,,,,
16.79,11.7,0,32,17.5,3,56,6.3,0,05:15:00,22:03:00,16.8,,,,,,,,,,,,,,,,,,,,,,,,,,,,,,,,,,,,
23.25,16.4,0,22,12,2,50,0,0,05:14:00,22:04:00,16.83,,,,,,,,,,,,,,,,,,,,,,,,,,,,,,,,,,,,
19.5,11.3,0,36,18.5,1,50,0,0,05:13:00,22:05:00,16.87,,,,,,,,,,,,,,,,,,,,,,,,,,,,,,,,,,,,
17,11.6,0,14,7.5,1,0,0,0,05:12:00,22:05:00,16.88,,,,,,,,,,,,,,,,,,,,,,,,,,,,,,,,,,,,
15.55,10.7,0,26,13.5,1,46,1.8,0,05:11:00,22:06:00,16.92,,,,,,,,,,,,,,,,,,,,,,,,,,,,,,,,,,,,
14.35,10.9,0,19,13,7,32,0.3,0,05:10:00,22:06:00,16.93,,,,,,,,,,,,,,,,,,,,,,,,,,,,,,,,,,,,
15.4,11,0,31,17.5,4,52,0.6,0,05:09:00,22:06:00,16.95,,,,,,,,,,,,,,,,,,,,,,,,,,,,,,,,,,,,
16.1,10.1,0,23,13.5,4,44,2.3,0,05:09:00,22:07:00,16.97,,,,,,,,,,,,,,,,,,,,,,,,,,,,,,,,,,,,
18.14,12.8,0,21,12,3,35,0,0,05:08:00,22:07:00,16.98,,,,,,,,,,,,,,,,,,,,,,,,,,,,,,,,,,,,
17.39,11.4,0,21,13.5,6,43,0,0,05:07:00,22:07:00,17,,,,,,,,,,,,,,,,,,,,,,,,,,,,,,,,,,,,
16.8,11.9,0,32,19,6,56,0,0,05:07:00,22:07:00,17,,,,,,,,,,,,,,,,,,,,,,,,,,,,,,,,,,,,
16.5,12.6,0,25,14,3,48,0,0,05:06:00,22:08:00,17.03,,,,,,,,,,,,,,,,,,,,,,,,,,,,,,,,,,,,
23.4,17.4,0,40,22,4,57,0,0,05:06:00,22:08:00,17.03,,,,,,,,,,,,,,,,,,,,,,,,,,,,,,,,,,,,
22,15.2,0,21,12,3,30,0,0,05:05:00,22:08:00,17.05,,,,,,,,,,,,,,,,,,,,,,,,,,,,,,,,,,,,
20.9,16.2,0,21,14,7,30,0,0,05:05:00,22:07:00,17.03,,,,,,,,,,,,,,,,,,,,,,,,,,,,,,,,,,,,
21.85,16.6,0,17,9,1,28,0,0,05:05:00,22:07:00,17.03,,,,,,,,,,,,,,,,,,,,,,,,,,,,,,,,,,,,
23.1,16.6,0,18,11,4,32,0,0,05:05:00,22:07:00,17.03,,,,,,,,,,,,,,,,,,,,,,,,,,,,,,,,,,,,
21.75,15.1,0,21,13,5,41,0,0,05:04:00,22:07:00,17.05,,,,,,,,,,,,,,,,,,,,,,,,,,,,,,,,,,,,
20.75,13.3,0,15,8.5,2,32,0,0,05:04:00,22:07:00,17.05,,,,,,,,,,,,,,,,,,,,,,,,,,,,,,,,,,,,
19.55,12.1,0,21,11.5,2,32,0,0,05:04:00,22:06:00,17.03,,,,,,,,,,,,,,,,,,,,,,,,,,,,,,,,,,,,
16.5,8.3,0,20,11,2,32,0,0,05:04:00,22:06:00,17.03,,,,,,,,,,,,,,,,,,,,,,,,,,,,,,,,,,,,
16.54,10.7,0,19,12,5,37,0.2,0,05:04:00,22:05:00,17.02,,,,,,,,,,,,,,,,,,,,,,,,,,,,,,,,,,,,
15.15,8.5,0,20,10.5,1,30,0,0,05:04:00,22:05:00,17.02,,,,,,,,,,,,,,,,,,,,,,,,,,,,,,,,,,,,
15.95,10.6,0,18,10.5,3,0,0,0,05:04:00,22:04:00,17,,,,,,,,,,,,,,,,,,,,,,,,,,,,,,,,,,,,
14.5,7,0,21,11.5,2,30,0,0,05:05:00,22:04:00,16.98,,,,,,,,,,,,,,,,,,,,,,,,,,,,,,,,,,,,
12.7,8.6,0,48,24.5,1,80,0,0,05:05:00,22:03:00,16.97,,,,,,,,,,,,,,,,,,,,,,,,,,,,,,,,,,,,
10.6,6.8,0,42,32,22,87,13.3,0,05:05:00,22:02:00,16.95,,,,,,,,,,,,,,,,,,,,,,,,,,,,,,,,,,,,
10.25,6.7,0,33,22,11,48,41.5,0,05:06:00,22:01:00,16.92,,,,,,,,,,,,,,,,,,,,,,,,,,,,,,,,,,,,
20.65,13.7,0,34,20,6,54,0,0,05:06:00,22:00:00,16.9,,,,,,,,,,,,,,,,,,,,,,,,,,,,,,,,,,,,
21.15,15.5,0,29,17.5,6,44,0,0,05:07:00,22:00:00,16.88,,,,,,,,,,,,,,,,,,,,,,,,,,,,,,,,,,,,
19.55,11,0,25,13.5,2,35,0,0,05:07:00,21:59:00,16.87,,,,,,,,,,,,,,,,,,,,,,,,,,,,,,,,,,,,
16.14,8.7,0,15,8,1,44,0,0,05:08:00,21:58:00,16.83,,,,,,,,,,,,,,,,,,,,,,,,,,,,,,,,,,,,
13.25,8.1,0,16,9.5,3,37,0,0,05:08:00,21:57:00,16.82,,,,,,,,,,,,,,,,,,,,,,,,,,,,,,,,,,,,
15.7,10.8,0,25,13.5,2,59,1.8,0,05:09:00,21:56:00,16.78,,,,,,,,,,,,,,,,,,,,,,,,,,,,,,,,,,,,
15.2,6.4,0,25,13.5,2,37,0,0,05:10:00,21:54:00,16.73,,,,,,,,,,,,,,,,,,,,,,,,,,,,,,,,,,,,
12.2,4.3,0,23,11.5,0,63,0.2,0,05:11:00,21:53:00,16.7,,,,,,,,,,,,,,,,,,,,,,,,,,,,,,,,,,,,
10.05,7.8,0,13,7.5,2,0,2.9,0,05:12:00,21:52:00,16.67,,,,,,,,,,,,,,,,,,,,,,,,,,,,,,,,,,,,
10.45,6.7,0,19,12.5,6,0,0,0,05:12:00,21:51:00,16.65,,,,,,,,,,,,,,,,,,,,,,,,,,,,,,,,,,,,
10.5,7.3,0,20,12,4,30,6.3,0,05:13:00,21:50:00,16.62,,,,,,,,,,,,,,,,,,,,,,,,,,,,,,,,,,,,
14.8,11.1,0,19,12,5,32,0,0,05:14:00,21:48:00,16.57,,,,,,,,,,,,,,,,,,,,,,,,,,,,,,,,,,,,
20.65,13,0,26,18,10,43,0.7,0,05:16:00,21:47:00,16.52,,,,,,,,,,,,,,,,,,,,,,,,,,,,,,,,,,,,
17.5,10.6,0,15,8,1,33,0,0,05:17:00,21:46:00,16.48,,,,,,,,,,,,,,,,,,,,,,,,,,,,,,,,,,,,
16.75,12.1,0,31,18,5,50,0,0,05:18:00,21:44:00,16.43,,,,,,,,,,,,,,,,,,,,,,,,,,,,,,,,,,,,
20.39,13.3,0,20,13,6,48,0,0,05:19:00,21:43:00,16.4,,,,,,,,,,,,,,,,,,,,,,,,,,,,,,,,,,,,
21.55,15.6,0,26,15.5,5,37,0.9,0,05:20:00,21:41:00,16.35,,,,,,,,,,,,,,,,,,,,,,,,,,,,,,,,,,,,
21.95,13.7,0,20,11,2,35,0,0,05:22:00,21:40:00,16.3,,,,,,,,,,,,,,,,,,,,,,,,,,,,,,,,,,,,
19.6,10.7,0,13,7.5,2,0,0,0,05:23:00,21:38:00,16.25,,,,,,,,,,,,,,,,,,,,,,,,,,,,,,,,,,,,
18.95,12.4,0,22,13.5,5,35,0,0,05:24:00,21:37:00,16.22,,,,,,,,,,,,,,,,,,,,,,,,,,,,,,,,,,,,
16.89,9.6,0,28,15,2,41,0,0,05:26:00,21:35:00,16.15,,,,,,,,,,,,,,,,,,,,,,,,,,,,,,,,,,,,
16.14,8.8,0,36,23,10,56,0,0,05:27:00,21:34:00,16.12,,,,,,,,,,,,,,,,,,,,,,,,,,,,,,,,,,,,
12.4,4.7,0,23,12.5,2,39,0,0,05:29:00,21:32:00,16.05,,,,,,,,,,,,,,,,,,,,,,,,,,,,,,,,,,,,
13.2,8.5,0,22,15.5,9,37,0.2,0,05:30:00,21:30:00,16,,,,,,,,,,,,,,,,,,,,,,,,,,,,,,,,,,,,
18.6,11.7,0,29,15,1,46,0,0,05:32:00,21:29:00,15.95,,,,,,,,,,,,,,,,,,,,,,,,,,,,,,,,,,,,
19.45,11.4,0,18,10.5,3,33,0,0,05:33:00,21:27:00,15.9,,,,,,,,,,,,,,,,,,,,,,,,,,,,,,,,,,,,
18.14,8.7,0,22,11.5,1,35,0,0,05:35:00,21:26:00,15.85,,,,,,,,,,,,,,,,,,,,,,,,,,,,,,,,,,,,
18,11.9,0,19,11.5,4,35,0,0,05:37:00,21:24:00,15.78,,,,,,,,,,,,,,,,,,,,,,,,,,,,,,,,,,,,
16.05,7,0,24,14,4,39,0,0,05:39:00,21:22:00,15.72,,,,,,,,,,,,,,,,,,,,,,,,,,,,,,,,,,,,
11.6,1.7,0,13,7.5,2,0,0,0,05:40:00,21:20:00,15.67,,,,,,,,,,,,,,,,,,,,,,,,,,,,,,,,,,,,
5.5,3.7,0,26,13,0,37,2.6,0,05:42:00,21:19:00,15.62,,,,,,,,,,,,,,,,,,,,,,,,,,,,,,,,,,,,
7.95,3.5,0,23,18.5,14,43,0,0,05:44:00,21:17:00,15.55,,,,,,,,,,,,,,,,,,,,,,,,,,,,,,,,,,,,
18.64,11.7,0,26,14.5,3,43,0,0,05:46:00,21:15:00,15.48,,,,,,,,,,,,,,,,,,,,,,,,,,,,,,,,,,,,
18.05,10.6,0,25,14,3,39,0,0,05:48:00,21:13:00,15.42,,,,,,,,,,,,,,,,,,,,,,,,,,,,,,,,,,,,
17.64,8,0,14,8,2,0,0,0,05:49:00,21:12:00,15.38,,,,,,,,,,,,,,,,,,,,,,,,,,,,,,,,,,,,
16.14,10,0,18,10.5,3,32,0,0,05:51:00,21:10:00,15.32,,,,,,,,,,,,,,,,,,,,,,,,,,,,,,,,,,,,
14.35,7.1,0,26,14,2,44,0,0,05:53:00,21:08:00,15.25,,,,,,,,,,,,,,,,,,,,,,,,,,,,,,,,,,,,
11.95,5.5,0,28,15.5,3,44,0,0,05:55:00,21:06:00,15.18,,,,,,,,,,,,,,,,,,,,,,,,,,,,,,,,,,,,
12.85,5,0,28,16.5,5,54,0,0,05:57:00,21:05:00,15.13,,,,,,,,,,,,,,,,,,,,,,,,,,,,,,,,,,,,
10.1,6.3,0,23,11.5,0,41,0,0,05:59:00,21:03:00,15.07,,,,,,,,,,,,,,,,,,,,,,,,,,,,,,,,,,,,
8.25,-0.4,-1,18,9,0,33,0,0,06:01:00,21:01:00,15,,,,,,,,,,,,,,,,,,,,,,,,,,,,,,,,,,,,
9.85,3.4,0,25,13.5,2,43,0,0,06:03:00,20:59:00,14.93,,,,,,,,,,,,,,,,,,,,,,,,,,,,,,,,,,,,
17.35,6.9,0,25,15,5,39,0,0,06:05:00,20:57:00,14.87,,,,,,,,,,,,,,,,,,,,,,,,,,,,,,,,,,,,
15.65,6.8,0,27,16.5,6,43,0,0,06:08:00,20:56:00,14.8,,,,,,,,,,,,,,,,,,,,,,,,,,,,,,,,,,,,
12.05,3.9,0,18,10.5,3,27,0,0,06:10:00,20:54:00,14.73,,,,,,,,,,,,,,,,,,,,,,,,,,,,,,,,,,,,
11.5,6.5,0,21,14,7,39,0,0,06:12:00,20:52:00,14.67,,,,,,,,,,,,,,,,,,,,,,,,,,,,,,,,,,,,
11.8,1.9,0,17,11.5,6,0,0,0,06:14:00,20:50:00,14.6,,,,,,,,,,,,,,,,,,,,,,,,,,,,,,,,,,,,
7.05,-1,-3,16,10,4,35,0,0,06:16:00,20:48:00,14.53,,,,,,,,,,,,,,,,,,,,,,,,,,,,,,,,,,,,
7.25,3.5,0,32,17.5,3,54,0,0,06:18:00,20:46:00,14.47,,,,,,,,,,,,,,,,,,,,,,,,,,,,,,,,,,,,
7,4.6,0,22,12.5,3,39,2.4,0,06:21:00,20:45:00,14.4,,,,,,,,,,,,,,,,,,,,,,,,,,,,,,,,,,,,
8.25,0.3,0,20,11,2,32,0,0,06:23:00,20:43:00,14.33,,,,,,,,,,,,,,,,,,,,,,,,,,,,,,,,,,,,
5.35,-2.2,-5,28,15,2,43,0,1,06:25:00,20:41:00,14.27,,,,,,,,,,,,,,,,,,,,,,,,,,,,,,,,,,,,
4.6,-1.6,-5,22,12.5,3,35,0,1,06:27:00,20:39:00,14.2,,,,,,,,,,,,,,,,,,,,,,,,,,,,,,,,,,,,
1.9,-0.3,-4,24,12.5,1,50,0.2,6,06:30:00,20:37:00,14.12,,,,,,,,,,,,,,,,,,,,,,,,,,,,,,,,,,,,
0.95,0,-4,25,15,5,41,10.2,1,06:32:00,20:35:00,14.05,,,,,,,,,,,,,,,,,,,,,,,,,,,,,,,,,,,,
3.95,0.2,0,17,9,1,0,0,3,06:34:00,20:34:00,14,,,,,,,,,,,,,,,,,,,,,,,,,,,,,,,,,,,,
5.65,-0.7,-1,24,13.5,3,41,0,13,06:37:00,20:32:00,13.92,,,,,,,,,,,,,,,,,,,,,,,,,,,,,,,,,,,,
1.7,-2.4,-7,26,18.5,11,41,1.4,17,06:39:00,20:30:00,13.85,,,,,,,,,,,,,,,,,,,,,,,,,,,,,,,,,,,,
-2.54,-3.9,-9,20,13,6,28,0,17,06:41:00,20:28:00,13.78,,,,,,,,,,,,,,,,,,,,,,,,,,,,,,,,,,,,
-1.25,-3.6,-9,16,9.5,3,0,1.4,17,06:44:00,20:26:00,13.7,,,,,,,,,,,,,,,,,,,,,,,,,,,,,,,,,,,,
2.2,-2.1,-5,27,14,1,39,0,21,06:46:00,20:24:00,13.63,,,,,,,,,,,,,,,,,,,,,,,,,,,,,,,,,,,,
-1.15,-8.4,-12,13,8,3,0,0,24,06:48:00,20:23:00,13.58,,,,,,,,,,,,,,,,,,,,,,,,,,,,,,,,,,,,
-5.4,-9.3,-15,16,11,6,0,0,25,06:51:00,20:21:00,13.5,,,,,,,,,,,,,,,,,,,,,,,,,,,,,,,,,,,,
-8.85,-12.3,-20,22,16.5,11,35,0,24,06:53:00,20:19:00,13.43,,,,,,,,,,,,,,,,,,,,,,,,,,,,,,,,,,,,
-13.14,-17.7,-23,29,16.5,4,43,0,25,06:55:00,20:17:00,13.37,,,,,,,,,,,,,,,,,,,,,,,,,,,,,,,,,,,,
-11.7,-14.6,-21,22,13,4,37,0,25,06:58:00,20:15:00,13.28,,,,,,,,,,,,,,,,,,,,,,,,,,,,,,,,,,,,
-8.6,-13.1,-18,19,10,1,28,0,25,07:00:00,20:13:00,13.22,,,,,,,,,,,,,,,,,,,,,,,,,,,,,,,,,,,,
-8.35,-14,-20,19,11,3,0,0,25,07:03:00,20:12:00,13.15,,,,,,,,,,,,,,,,,,,,,,,,,,,,,,,,,,,,
-10.25,-17.7,-20,17,9.5,2,0,0,26,07:05:00,20:10:00,13.08,,,,,,,,,,,,,,,,,,,,,,,,,,,,,,,,,,,,
-10.35,-18,-23,10,5.5,1,0,0,26,07:07:00,20:08:00,13.02,,,,,,,,,,,,,,,,,,,,,,,,,,,,,,,,,,,,
-12.9,-20,-26,15,9,3,0,0,26,07:10:00,20:06:00,12.93,,,,,,,,,,,,,,,,,,,,,,,,,,,,,,,,,,,,
-12.64,-15.2,-21,20,14.5,9,0,1.5,25,07:12:00,20:04:00,12.87,,,,,,,,,,,,,,,,,,,,,,,,,,,,,,,,,,,,
-8.9,-13.4,-21,21,12,3,32,0.5,24,07:15:00,20:02:00,12.78,,,,,,,,,,,,,,,,,,,,,,,,,,,,,,,,,,,,
-3.3,-8.1,-12,15,8,1,0,0.2,25,07:17:00,20:01:00,12.73,,,,,,,,,,,,,,,,,,,,,,,,,,,,,,,,,,,,
-3.95,-7.3,-13,19,10.5,2,32,2.9,23,07:20:00,19:59:00,12.65,,,,,,,,,,,,,,,,,,,,,,,,,,,,,,,,,,,,
0.54,-6.9,-12,24,14.5,5,35,0.2,24,07:22:00,19:57:00,12.58,,,,,,,,,,,,,,,,,,,,,,,,,,,,,,,,,,,,
-1.5,-7.1,-11,20,10.5,1,0,0,23,07:24:00,19:55:00,12.52,,,,,,,,,,,,,,,,,,,,,,,,,,,,,,,,,,,,
-1.09,-4.1,-9,16,10,4,0,0,25,07:27:00,19:53:00,12.43,,,,,,,,,,,,,,,,,,,,,,,,,,,,,,,,,,,,
2,-1.5,-8,30,18,6,50,0.9,27,07:29:00,19:52:00,12.38,,,,,,,,,,,,,,,,,,,,,,,,,,,,,,,,,,,,
0.4,-1.4,-7,32,23,14,52,0,27,07:32:00,19:50:00,12.3,,,,,,,,,,,,,,,,,,,,,,,,,,,,,,,,,,,,
1.5,-0.9,-6,23,12.5,2,35,0,26,07:34:00,19:48:00,12.23,,,,,,,,,,,,,,,,,,,,,,,,,,,,,,,,,,,,
0.59,-7,-8,13,6.5,0,0,0,32,07:37:00,19:46:00,12.15,,,,,,,,,,,,,,,,,,,,,,,,,,,,,,,,,,,,
-4.75,-9.1,-11,16,9.5,3,0,0,34,07:39:00,19:44:00,12.08,,,,,,,,,,,,,,,,,,,,,,,,,,,,,,,,,,,,
-2.65,-5,-6,11,7,3,0,2.3,33,07:42:00,19:42:00,12,,,,,,,,,,,,,,,,,,,,,,,,,,,,,,,,,,,,
-2.59,-5.1,-8,12,6,0,0,4.5,28,07:44:00,19:40:00,11.93,,,,,,,,,,,,,,,,,,,,,,,,,,,,,,,,,,,,
-0.39,-4.8,-9,18,9,0,0,0,29,07:46:00,19:39:00,11.88,,,,,,,,,,,,,,,,,,,,,,,,,,,,,,,,,,,,
-3.4,-5.2,-10,15,8,1,0,0,29,07:49:00,19:37:00,11.8,,,,,,,,,,,,,,,,,,,,,,,,,,,,,,,,,,,,
-3.45,-11.2,-17,20,12.5,5,35,0,29,07:51:00,19:35:00,11.73,,,,,,,,,,,,,,,,,,,,,,,,,,,,,,,,,,,,
-1.2,-8.9,-13,16,8.5,1,0,0,29,07:54:00,19:33:00,11.65,,,,,,,,,,,,,,,,,,,,,,,,,,,,,,,,,,,,
-2.75,-10.3,-13,16,9.5,3,0,0,29,07:56:00,19:31:00,11.58,,,,,,,,,,,,,,,,,,,,,,,,,,,,,,,,,,,,
-2.4,-9.5,-12,15,8.5,2,0,0,30,07:58:00,19:29:00,11.52,,,,,,,,,,,,,,,,,,,,,,,,,,,,,,,,,,,,
,,,,,,,,,,,,,,,,,,,,,,,,,,,,,,,,,,,,,,,,,,,,,,,
,,,,,,,,,,,,,,,,,,,,,,,,,,,,,,,,,,,,,,,,,,,,,,,
,,,,,,,,,,,,,,,,,,,,,,,,,,,,,,,,,,,,,,,,,,,,,,,
,,,,,,,,,,,,,,,,,,,,,,,,,,,,,,,,,,,,,,,,,,,,,,,
,,,,,,,,,,,,,,,,,,,,,,,,,,,,,,,,,,,,,,,,,,,,,,,
,,,,,,,,,,,,,,,,,,,,,,,,,,,,,,,,,,,,,,,,,,,,,,,
,,,,,,,,,,,,,,,,,,,,,,,,,,,,,,,,,,,,,,,,,,,,,,,
,,,,,,,,,,,,,,,,,,,,,,,,,,,,,,,,,,,,,,,,,,,,,,,
,,,,,,,,,,,,,,,,,,,,,,,,,,,,,,,,,,,,,,,,,,,,,,,
,,,,,,,,,,,,,,,,,,,,,,,,,,,,,,,,,,,,,,,,,,,,,,,
,,,,,,,,,,,,,,,,,,,,,,,,,,,,,,,,,,,,,,,,,,,,,,,
,,,,,,,,,,,,,,,,,,,,,,,,,,,,,,,,,,,,,,,,,,,,,,,
,,,,,,,,,,,,,,,,,,,,,,,,,,,,,,,,,,,,,,,,,,,,,,,
,,,,,,,,,,,,,,,,,,,,,,,,,,,,,,,,,,,,,,,,,,,,,,,
,,,,,,,,,,,,,,,,,,,,,,,,,,,,,,,,,,,,,,,,,,,,,,,
,,,,,,,,,,,,,,,,,,,,,,,,,,,,,,,,,,,,,,,,,,,,,,,
,,,,,,,,,,,,,,,,,,,,,,,,,,,,,,,,,,,,,,,,,,,,,,,
,,,,,,,,,,,,,,,,,,,,,,,,,,,,,,,,,,,,,,,,,,,,,,,
,,,,,,,,,,,,,,,,,,,,,,,,,,,,,,,,,,,,,,,,,,,,,,,
,,,,,,,,,,,,,,,,,,,,,,,,,,,,,,,,,,,,,,,,,,,,,,,
,,,,,,,,,,,,,,,,,,,,,,,,,,,,,,,,,,,,,,,,,,,,,,,
,,,,,,,,,,,,,,,,,,,,,,,,,,,,,,,,,,,,,,,,,,,,,,,
,,,,,,,,,,,,,,,,,,,,,,,,,,,,,,,,,,,,,,,,,,,,,,,
,,,,,,,,,,,,,,,,,,,,,,,,,,,,,,,,,,,,,,,,,,,,,,,
,,,,,,,,,,,,,,,,,,,,,,,,,,,,,,,,,,,,,,,,,,,,,,,
,,,,,,,,,,,,,,,,,,,,,,,,,,,,,,,,,,,,,,,,,,,,,,,
,,,,,,,,,,,,,,,,,,,,,,,,,,,,,,,,,,,,,,,,,,,,,,,
,,,,,,,,,,,,,,,,,,,,,,,,,,,,,,,,,,,,,,,,,,,,,,,
,,,,,,,,,,,,,,,,,,,,,,,,,,,,,,,,,,,,,,,,,,,,,,,
,,,,,,,,,,,,,,,,,,,,,,,,,,,,,,,,,,,,,,,,,,,,,,,
,,,,,,,,,,,,,,,,,,,,,,,,,,,,,,,,,,,,,,,,,,,,,,,
,,,,,,,,,,,,,,,,,,,,,,,,,,,,,,,,,,,,,,,,,,,,,,,
,,,,,,,,,,,,,,,,,,,,,,,,,,,,,,,,,,,,,,,,,,,,,,,
,,,,,,,,,,,,,,,,,,,,,,,,,,,,,,,,,,,,,,,,,,,,,,,
,,,,,,,,,,,,,,,,,,,,,,,,,,,,,,,,,,,,,,,,,,,,,,,
,,,,,,,,,,,,,,,,,,,,,,,,,,,,,,,,,,,,,,,,,,,,,,,
,,,,,,,,,,,,,,,,,,,,,,,,,,,,,,,,,,,,,,,,,,,,,,,
,,,,,,,,,,,,,,,,,,,,,,,,,,,,,,,,,,,,,,,,,,,,,,,
,,,,,,,,,,,,,,,,,,,,,,,,,,,,,,,,,,,,,,,,,,,,,,,
,,,,,,,,,,,,,,,,,,,,,,,,,,,,,,,,,,,,,,,,,,,,,,,
,,,,,,,,,,,,,,,,,,,,,,,,,,,,,,,,,,,,,,,,,,,,,,,
,,,,,,,,,,,,,,,,,,,,,,,,,,,,,,,,,,,,,,,,,,,,,,,
,,,,,,,,,,,,,,,,,,,,,,,,,,,,,,,,,,,,,,,,,,,,,,,
,,,,,,,,,,,,,,,,,,,,,,,,,,,,,,,,,,,,,,,,,,,,,,,
,,,,,,,,,,,,,,,,,,,,,,,,,,,,,,,,,,,,,,,,,,,,,,,
,,,,,,,,,,,,,,,,,,,,,,,,,,,,,,,,,,,,,,,,,,,,,,,
,,,,,,,,,,,,,,,,,,,,,,,,,,,,,,,,,,,,,,,,,,,,,,,
,,,,,,,,,,,,,,,,,,,,,,,,,,,,,,,,,,,,,,,,,,,,,,,
,,,,,,,,,,,,,,,,,,,,,,,,,,,,,,,,,,,,,,,,,,,,,,,
,,,,,,,,,,,,,,,,,,,,,,,,,,,,,,,,,,,,,,,,,,,,,,,
,,,,,,,,,,,,,,,,,,,,,,,,,,,,,,,,,,,,,,,,,,,,,,,
,,,,,,,,,,,,,,,,,,,,,,,,,,,,,,,,,,,,,,,,,,,,,,,
,,,,,,,,,,,,,,,,,,,,,,,,,,,,,,,,,,,,,,,,,,,,,,,
,,,,,,,,,,,,,,,,,,,,,,,,,,,,,,,,,,,,,,,,,,,,,,,
,,,,,,,,,,,,,,,,,,,,,,,,,,,,,,,,,,,,,,,,,,,,,,,
,,,,,,,,,,,,,,,,,,,,,,,,,,,,,,,,,,,,,,,,,,,,,,,
,,,,,,,,,,,,,,,,,,,,,,,,,,,,,,,,,,,,,,,,,,,,,,,
,,,,,,,,,,,,,,,,,,,,,,,,,,,,,,,,,,,,,,,,,,,,,,,
,,,,,,,,,,,,,,,,,,,,,,,,,,,,,,,,,,,,,,,,,,,,,,,
,,,,,,,,,,,,,,,,,,,,,,,,,,,,,,,,,,,,,,,,,,,,,,,
,,,,,,,,,,,,,,,,,,,,,,,,,,,,,,,,,,,,,,,,,,,,,,,
,,,,,,,,,,,,,,,,,,,,,,,,,,,,,,,,,,,,,,,,,,,,,,,
,,,,,,,,,,,,,,,,,,,,,,,,,,,,,,,,,,,,,,,,,,,,,,,
,,,,,,,,,,,,,,,,,,,,,,,,,,,,,,,,,,,,,,,,,,,,,,,
,,,,,,,,,,,,,,,,,,,,,,,,,,,,,,,,,,,,,,,,,,,,,,,
,,,,,,,,,,,,,,,,,,,,,,,,,,,,,,,,,,,,,,,,,,,,,,,
,,,,,,,,,,,,,,,,,,,,,,,,,,,,,,,,,,,,,,,,,,,,,,,
,,,,,,,,,,,,,,,,,,,,,,,,,,,,,,,,,,,,,,,,,,,,,,,
,,,,,,,,,,,,,,,,,,,,,,,,,,,,,,,,,,,,,,,,,,,,,,,
,,,,,,,,,,,,,,,,,,,,,,,,,,,,,,,,,,,,,,,,,,,,,,,
,,,,,,,,,,,,,,,,,,,,,,,,,,,,,,,,,,,,,,,,,,,,,,,
,,,,,,,,,,,,,,,,,,,,,,,,,,,,,,,,,,,,,,,,,,,,,,,
,,,,,,,,,,,,,,,,,,,,,,,,,,,,,,,,,,,,,,,,,,,,,,,
,,,,,,,,,,,,,,,,,,,,,,,,,,,,,,,,,,,,,,,,,,,,,,,
,,,,,,,,,,,,,,,,,,,,,,,,,,,,,,,,,,,,,,,,,,,,,,,
,,,,,,,,,,,,,,,,,,,,,,,,,,,,,,,,,,,,,,,,,,,,,,,
,,,,,,,,,,,,,,,,,,,,,,,,,,,,,,,,,,,,,,,,,,,,,,,
,,,,,,,,,,,,,,,,,,,,,,,,,,,,,,,,,,,,,,,,,,,,,,,
,,,,,,,,,,,,,,,,,,,,,,,,,,,,,,,,,,,,,,,,,,,,,,,
,,,,,,,,,,,,,,,,,,,,,,,,,,,,,,,,,,,,,,,,,,,,,,,
,,,,,,,,,,,,,,,,,,,,,,,,,,,,,,,,,,,,,,,,,,,,,,,
,,,,,,,,,,,,,,,,,,,,,,,,,,,,,,,,,,,,,,,,,,,,,,,
,,,,,,,,,,,,,,,,,,,,,,,,,,,,,,,,,,,,,,,,,,,,,,,
,,,,,,,,,,,,,,,,,,,,,,,,,,,,,,,,,,,,,,,,,,,,,,,
,,,,,,,,,,,,,,,,,,,,,,,,,,,,,,,,,,,,,,,,,,,,,,,
,,,,,,,,,,,,,,,,,,,,,,,,,,,,,,,,,,,,,,,,,,,,,,,
,,,,,,,,,,,,,,,,,,,,,,,,,,,,,,,,,,,,,,,,,,,,,,,
,,,,,,,,,,,,,,,,,,,,,,,,,,,,,,,,,,,,,,,,,,,,,,,
,,,,,,,,,,,,,,,,,,,,,,,,,,,,,,,,,,,,,,,,,,,,,,,
,,,,,,,,,,,,,,,,,,,,,,,,,,,,,,,,,,,,,,,,,,,,,,,
,,,,,,,,,,,,,,,,,,,,,,,,,,,,,,,,,,,,,,,,,,,,,,,
,,,,,,,,,,,,,,,,,,,,,,,,,,,,,,,,,,,,,,,,,,,,,,,
,,,,,,,,,,,,,,,,,,,,,,,,,,,,,,,,,,,,,,,,,,,,,,,
,,,,,,,,,,,,,,,,,,,,,,,,,,,,,,,,,,,,,,,,,,,,,,,
,,,,,,,,,,,,,,,,,,,,,,,,,,,,,,,,,,,,,,,,,,,,,,,
,,,,,,,,,,,,,,,,,,,,,,,,,,,,,,,,,,,,,,,,,,,,,,,
,,,,,,,,,,,,,,,,,,,,,,,,,,,,,,,,,,,,,,,,,,,,,,,
,,,,,,,,,,,,,,,,,,,,,,,,,,,,,,,,,,,,,,,,,,,,,,,
,,,,,,,,,,,,,,,,,,,,,,,,,,,,,,,,,,,,,,,,,,,,,,,
,,,,,,,,,,,,,,,,,,,,,,,,,,,,,,,,,,,,,,,,,,,,,,,
,,,,,,,,,,,,,,,,,,,,,,,,,,,,,,,,,,,,,,,,,,,,,,,
,,,,,,,,,,,,,,,,,,,,,,,,,,,,,,,,,,,,,,,,,,,,,,,
,,,,,,,,,,,,,,,,,,,,,,,,,,,,,,,,,,,,,,,,,,,,,,,
,,,,,,,,,,,,,,,,,,,,,,,,,,,,,,,,,,,,,,,,,,,,,,,
,,,,,,,,,,,,,,,,,,,,,,,,,,,,,,,,,,,,,,,,,,,,,,,
,,,,,,,,,,,,,,,,,,,,,,,,,,,,,,,,,,,,,,,,,,,,,,,
,,,,,,,,,,,,,,,,,,,,,,,,,,,,,,,,,,,,,,,,,,,,,,,
,,,,,,,,,,,,,,,,,,,,,,,,,,,,,,,,,,,,,,,,,,,,,,,
,,,,,,,,,,,,,,,,,,,,,,,,,,,,,,,,,,,,,,,,,,,,,,,
,,,,,,,,,,,,,,,,,,,,,,,,,,,,,,,,,,,,,,,,,,,,,,,
,,,,,,,,,,,,,,,,,,,,,,,,,,,,,,,,,,,,,,,,,,,,,,,
,,,,,,,,,,,,,,,,,,,,,,,,,,,,,,,,,,,,,,,,,,,,,,,
,,,,,,,,,,,,,,,,,,,,,,,,,,,,,,,,,,,,,,,,,,,,,,,
,,,,,,,,,,,,,,,,,,,,,,,,,,,,,,,,,,,,,,,,,,,,,,,
,,,,,,,,,,,,,,,,,,,,,,,,,,,,,,,,,,,,,,,,,,,,,,,
,,,,,,,,,,,,,,,,,,,,,,,,,,,,,,,,,,,,,,,,,,,,,,,
,,,,,,,,,,,,,,,,,,,,,,,,,,,,,,,,,,,,,,,,,,,,,,,
,,,,,,,,,,,,,,,,,,,,,,,,,,,,,,,,,,,,,,,,,,,,,,,
,,,,,,,,,,,,,,,,,,,,,,,,,,,,,,,,,,,,,,,,,,,,,,,
,,,,,,,,,,,,,,,,,,,,,,,,,,,,,,,,,,,,,,,,,,,,,,,
,,,,,,,,,,,,,,,,,,,,,,,,,,,,,,,,,,,,,,,,,,,,,,,
,,,,,,,,,,,,,,,,,,,,,,,,,,,,,,,,,,,,,,,,,,,,,,,
,,,,,,,,,,,,,,,,,,,,,,,,,,,,,,,,,,,,,,,,,,,,,,,
,,,,,,,,,,,,,,,,,,,,,,,,,,,,,,,,,,,,,,,,,,,,,,,
,,,,,,,,,,,,,,,,,,,,,,,,,,,,,,,,,,,,,,,,,,,,,,,
,,,,,,,,,,,,,,,,,,,,,,,,,,,,,,,,,,,,,,,,,,,,,,,
,,,,,,,,,,,,,,,,,,,,,,,,,,,,,,,,,,,,,,,,,,,,,,,
,,,,,,,,,,,,,,,,,,,,,,,,,,,,,,,,,,,,,,,,,,,,,,,
,,,,,,,,,,,,,,,,,,,,,,,,,,,,,,,,,,,,,,,,,,,,,,,
,,,,,,,,,,,,,,,,,,,,,,,,,,,,,,,,,,,,,,,,,,,,,,,
,,,,,,,,,,,,,,,,,,,,,,,,,,,,,,,,,,,,,,,,,,,,,,,
,,,,,,,,,,,,,,,,,,,,,,,,,,,,,,,,,,,,,,,,,,,,,,,
,,,,,,,,,,,,,,,,,,,,,,,,,,,,,,,,,,,,,,,,,,,,,,,
,,,,,,,,,,,,,,,,,,,,,,,,,,,,,,,,,,,,,,,,,,,,,,,
,,,,,,,,,,,,,,,,,,,,,,,,,,,,,,,,,,,,,,,,,,,,,,,
,,,,,,,,,,,,,,,,,,,,,,,,,,,,,,,,,,,,,,,,,,,,,,,
,,,,,,,,,,,,,,,,,,,,,,,,,,,,,,,,,,,,,,,,,,,,,,,
,,,,,,,,,,,,,,,,,,,,,,,,,,,,,,,,,,,,,,,,,,,,,,,
,,,,,,,,,,,,,,,,,,,,,,,,,,,,,,,,,,,,,,,,,,,,,,,
,,,,,,,,,,,,,,,,,,,,,,,,,,,,,,,,,,,,,,,,,,,,,,,
,,,,,,,,,,,,,,,,,,,,,,,,,,,,,,,,,,,,,,,,,,,,,,,
,,,,,,,,,,,,,,,,,,,,,,,,,,,,,,,,,,,,,,,,,,,,,,,
,,,,,,,,,,,,,,,,,,,,,,,,,,,,,,,,,,,,,,,,,,,,,,,
,,,,,,,,,,,,,,,,,,,,,,,,,,,,,,,,,,,,,,,,,,,,,,,
,,,,,,,,,,,,,,,,,,,,,,,,,,,,,,,,,,,,,,,,,,,,,,,
,,,,,,,,,,,,,,,,,,,,,,,,,,,,,,,,,,,,,,,,,,,,,,,
,,,,,,,,,,,,,,,,,,,,,,,,,,,,,,,,,,,,,,,,,,,,,,,
,,,,,,,,,,,,,,,,,,,,,,,,,,,,,,,,,,,,,,,,,,,,,,,
,,,,,,,,,,,,,,,,,,,,,,,,,,,,,,,,,,,,,,,,,,,,,,,
,,,,,,,,,,,,,,,,,,,,,,,,,,,,,,,,,,,,,,,,,,,,,,,
,,,,,,,,,,,,,,,,,,,,,,,,,,,,,,,,,,,,,,,,,,,,,,,
,,,,,,,,,,,,,,,,,,,,,,,,,,,,,,,,,,,,,,,,,,,,,,,
,,,,,,,,,,,,,,,,,,,,,,,,,,,,,,,,,,,,,,,,,,,,,,,
,,,,,,,,,,,,,,,,,,,,,,,,,,,,,,,,,,,,,,,,,,,,,,,
,,,,,,,,,,,,,,,,,,,,,,,,,,,,,,,,,,,,,,,,,,,,,,,
,,,,,,,,,,,,,,,,,,,,,,,,,,,,,,,,,,,,,,,,,,,,,,,
,,,,,,,,,,,,,,,,,,,,,,,,,,,,,,,,,,,,,,,,,,,,,,,
,,,,,,,,,,,,,,,,,,,,,,,,,,,,,,,,,,,,,,,,,,,,,,,
,,,,,,,,,,,,,,,,,,,,,,,,,,,,,,,,,,,,,,,,,,,,,,,
,,,,,,,,,,,,,,,,,,,,,,,,,,,,,,,,,,,,,,,,,,,,,,,
,,,,,,,,,,,,,,,,,,,,,,,,,,,,,,,,,,,,,,,,,,,,,,,
,,,,,,,,,,,,,,,,,,,,,,,,,,,,,,,,,,,,,,,,,,,,,,,
,,,,,,,,,,,,,,,,,,,,,,,,,,,,,,,,,,,,,,,,,,,,,,,
,,,,,,,,,,,,,,,,,,,,,,,,,,,,,,,,,,,,,,,,,,,,,,,
,,,,,,,,,,,,,,,,,,,,,,,,,,,,,,,,,,,,,,,,,,,,,,,
,,,,,,,,,,,,,,,,,,,,,,,,,,,,,,,,,,,,,,,,,,,,,,,
,,,,,,,,,,,,,,,,,,,,,,,,,,,,,,,,,,,,,,,,,,,,,,,
,,,,,,,,,,,,,,,,,,,,,,,,,,,,,,,,,,,,,,,,,,,,,,,
,,,,,,,,,,,,,,,,,,,,,,,,,,,,,,,,,,,,,,,,,,,,,,,
,,,,,,,,,,,,,,,,,,,,,,,,,,,,,,,,,,,,,,,,,,,,,,,
,,,,,,,,,,,,,,,,,,,,,,,,,,,,,,,,,,,,,,,,,,,,,,,
,,,,,,,,,,,,,,,,,,,,,,,,,,,,,,,,,,,,,,,,,,,,,,,
,,,,,,,,,,,,,,,,,,,,,,,,,,,,,,,,,,,,,,,,,,,,,,,
,,,,,,,,,,,,,,,,,,,,,,,,,,,,,,,,,,,,,,,,,,,,,,,
,,,,,,,,,,,,,,,,,,,,,,,,,,,,,,,,,,,,,,,,,,,,,,,
,,,,,,,,,,,,,,,,,,,,,,,,,,,,,,,,,,,,,,,,,,,,,,,
,,,,,,,,,,,,,,,,,,,,,,,,,,,,,,,,,,,,,,,,,,,,,,,
,,,,,,,,,,,,,,,,,,,,,,,,,,,,,,,,,,,,,,,,,,,,,,,
,,,,,,,,,,,,,,,,,,,,,,,,,,,,,,,,,,,,,,,,,,,,,,,
,,,,,,,,,,,,,,,,,,,,,,,,,,,,,,,,,,,,,,,,,,,,,,,
,,,,,,,,,,,,,,,,,,,,,,,,,,,,,,,,,,,,,,,,,,,,,,,
,,,,,,,,,,,,,,,,,,,,,,,,,,,,,,,,,,,,,,,,,,,,,,,
,,,,,,,,,,,,,,,,,,,,,,,,,,,,,,,,,,,,,,,,,,,,,,,
,,,,,,,,,,,,,,,,,,,,,,,,,,,,,,,,,,,,,,,,,,,,,,,
,,,,,,,,,,,,,,,,,,,,,,,,,,,,,,,,,,,,,,,,,,,,,,,
,,,,,,,,,,,,,,,,,,,,,,,,,,,,,,,,,,,,,,,,,,,,,,,
,,,,,,,,,,,,,,,,,,,,,,,,,,,,,,,,,,,,,,,,,,,,,,,
,,,,,,,,,,,,,,,,,,,,,,,,,,,,,,,,,,,,,,,,,,,,,,,
,,,,,,,,,,,,,,,,,,,,,,,,,,,,,,,,,,,,,,,,,,,,,,,
,,,,,,,,,,,,,,,,,,,,,,,,,,,,,,,,,,,,,,,,,,,,,,,
,,,,,,,,,,,,,,,,,,,,,,,,,,,,,,,,,,,,,,,,,,,,,,,
,,,,,,,,,,,,,,,,,,,,,,,,,,,,,,,,,,,,,,,,,,,,,,,
,,,,,,,,,,,,,,,,,,,,,,,,,,,,,,,,,,,,,,,,,,,,,,,
,,,,,,,,,,,,,,,,,,,,,,,,,,,,,,,,,,,,,,,,,,,,,,,
,,,,,,,,,,,,,,,,,,,,,,,,,,,,,,,,,,,,,,,,,,,,,,,
,,,,,,,,,,,,,,,,,,,,,,,,,,,,,,,,,,,,,,,,,,,,,,,
,,,,,,,,,,,,,,,,,,,,,,,,,,,,,,,,,,,,,,,,,,,,,,,
,,,,,,,,,,,,,,,,,,,,,,,,,,,,,,,,,,,,,,,,,,,,,,,
,,,,,,,,,,,,,,,,,,,,,,,,,,,,,,,,,,,,,,,,,,,,,,,
,,,,,,,,,,,,,,,,,,,,,,,,,,,,,,,,,,,,,,,,,,,,,,,
,,,,,,,,,,,,,,,,,,,,,,,,,,,,,,,,,,,,,,,,,,,,,,,
,,,,,,,,,,,,,,,,,,,,,,,,,,,,,,,,,,,,,,,,,,,,,,,
,,,,,,,,,,,,,,,,,,,,,,,,,,,,,,,,,,,,,,,,,,,,,,,
,,,,,,,,,,,,,,,,,,,,,,,,,,,,,,,,,,,,,,,,,,,,,,,
,,,,,,,,,,,,,,,,,,,,,,,,,,,,,,,,,,,,,,,,,,,,,,,
,,,,,,,,,,,,,,,,,,,,,,,,,,,,,,,,,,,,,,,,,,,,,,,
,,,,,,,,,,,,,,,,,,,,,,,,,,,,,,,,,,,,,,,,,,,,,,,
,,,,,,,,,,,,,,,,,,,,,,,,,,,,,,,,,,,,,,,,,,,,,,,
,,,,,,,,,,,,,,,,,,,,,,,,,,,,,,,,,,,,,,,,,,,,,,,
,,,,,,,,,,,,,,,,,,,,,,,,,,,,,,,,,,,,,,,,,,,,,,,
,,,,,,,,,,,,,,,,,,,,,,,,,,,,,,,,,,,,,,,,,,,,,,,
,,,,,,,,,,,,,,,,,,,,,,,,,,,,,,,,,,,,,,,,,,,,,,,
,,,,,,,,,,,,,,,,,,,,,,,,,,,,,,,,,,,,,,,,,,,,,,,
,,,,,,,,,,,,,,,,,,,,,,,,,,,,,,,,,,,,,,,,,,,,,,,
,,,,,,,,,,,,,,,,,,,,,,,,,,,,,,,,,,,,,,,,,,,,,,,
,,,,,,,,,,,,,,,,,,,,,,,,,,,,,,,,,,,,,,,,,,,,,,,
,,,,,,,,,,,,,,,,,,,,,,,,,,,,,,,,,,,,,,,,,,,,,,,
,,,,,,,,,,,,,,,,,,,,,,,,,,,,,,,,,,,,,,,,,,,,,,,
,,,,,,,,,,,,,,,,,,,,,,,,,,,,,,,,,,,,,,,,,,,,,,,
,,,,,,,,,,,,,,,,,,,,,,,,,,,,,,,,,,,,,,,,,,,,,,,
,,,,,,,,,,,,,,,,,,,,,,,,,,,,,,,,,,,,,,,,,,,,,,,
,,,,,,,,,,,,,,,,,,,,,,,,,,,,,,,,,,,,,,,,,,,,,,,
,,,,,,,,,,,,,,,,,,,,,,,,,,,,,,,,,,,,,,,,,,,,,,,
,,,,,,,,,,,,,,,,,,,,,,,,,,,,,,,,,,,,,,,,,,,,,,,
,,,,,,,,,,,,,,,,,,,,,,,,,,,,,,,,,,,,,,,,,,,,,,,
,,,,,,,,,,,,,,,,,,,,,,,,,,,,,,,,,,,,,,,,,,,,,,,
,,,,,,,,,,,,,,,,,,,,,,,,,,,,,,,,,,,,,,,,,,,,,,,
,,,,,,,,,,,,,,,,,,,,,,,,,,,,,,,,,,,,,,,,,,,,,,,
,,,,,,,,,,,,,,,,,,,,,,,,,,,,,,,,,,,,,,,,,,,,,,,
,,,,,,,,,,,,,,,,,,,,,,,,,,,,,,,,,,,,,,,,,,,,,,,
,,,,,,,,,,,,,,,,,,,,,,,,,,,,,,,,,,,,,,,,,,,,,,,
,,,,,,,,,,,,,,,,,,,,,,,,,,,,,,,,,,,,,,,,,,,,,,,
,,,,,,,,,,,,,,,,,,,,,,,,,,,,,,,,,,,,,,,,,,,,,,,
,,,,,,,,,,,,,,,,,,,,,,,,,,,,,,,,,,,,,,,,,,,,,,,
,,,,,,,,,,,,,,,,,,,,,,,,,,,,,,,,,,,,,,,,,,,,,,,
,,,,,,,,,,,,,,,,,,,,,,,,,,,,,,,,,,,,,,,,,,,,,,,
,,,,,,,,,,,,,,,,,,,,,,,,,,,,,,,,,,,,,,,,,,,,,,,
,,,,,,,,,,,,,,,,,,,,,,,,,,,,,,,,,,,,,,,,,,,,,,,
,,,,,,,,,,,,,,,,,,,,,,,,,,,,,,,,,,,,,,,,,,,,,,,
,,,,,,,,,,,,,,,,,,,,,,,,,,,,,,,,,,,,,,,,,,,,,,,
,,,,,,,,,,,,,,,,,,,,,,,,,,,,,,,,,,,,,,,,,,,,,,,
,,,,,,,,,,,,,,,,,,,,,,,,,,,,,,,,,,,,,,,,,,,,,,,
,,,,,,,,,,,,,,,,,,,,,,,,,,,,,,,,,,,,,,,,,,,,,,,
,,,,,,,,,,,,,,,,,,,,,,,,,,,,,,,,,,,,,,,,,,,,,,,
,,,,,,,,,,,,,,,,,,,,,,,,,,,,,,,,,,,,,,,,,,,,,,,
,,,,,,,,,,,,,,,,,,,,,,,,,,,,,,,,,,,,,,,,,,,,,,,
,,,,,,,,,,,,,,,,,,,,,,,,,,,,,,,,,,,,,,,,,,,,,,,
,,,,,,,,,,,,,,,,,,,,,,,,,,,,,,,,,,,,,,,,,,,,,,,
,,,,,,,,,,,,,,,,,,,,,,,,,,,,,,,,,,,,,,,,,,,,,,,
,,,,,,,,,,,,,,,,,,,,,,,,,,,,,,,,,,,,,,,,,,,,,,,
,,,,,,,,,,,,,,,,,,,,,,,,,,,,,,,,,,,,,,,,,,,,,,,
,,,,,,,,,,,,,,,,,,,,,,,,,,,,,,,,,,,,,,,,,,,,,,,
,,,,,,,,,,,,,,,,,,,,,,,,,,,,,,,,,,,,,,,,,,,,,,,
,,,,,,,,,,,,,,,,,,,,,,,,,,,,,,,,,,,,,,,,,,,,,,,
,,,,,,,,,,,,,,,,,,,,,,,,,,,,,,,,,,,,,,,,,,,,,,,
,,,,,,,,,,,,,,,,,,,,,,,,,,,,,,,,,,,,,,,,,,,,,,,
,,,,,,,,,,,,,,,,,,,,,,,,,,,,,,,,,,,,,,,,,,,,,,,
,,,,,,,,,,,,,,,,,,,,,,,,,,,,,,,,,,,,,,,,,,,,,,,
,,,,,,,,,,,,,,,,,,,,,,,,,,,,,,,,,,,,,,,,,,,,,,,
,,,,,,,,,,,,,,,,,,,,,,,,,,,,,,,,,,,,,,,,,,,,,,,
,,,,,,,,,,,,,,,,,,,,,,,,,,,,,,,,,,,,,,,,,,,,,,,
,,,,,,,,,,,,,,,,,,,,,,,,,,,,,,,,,,,,,,,,,,,,,,,
,,,,,,,,,,,,,,,,,,,,,,,,,,,,,,,,,,,,,,,,,,,,,,,
,,,,,,,,,,,,,,,,,,,,,,,,,,,,,,,,,,,,,,,,,,,,,,,
,,,,,,,,,,,,,,,,,,,,,,,,,,,,,,,,,,,,,,,,,,,,,,,
,,,,,,,,,,,,,,,,,,,,,,,,,,,,,,,,,,,,,,,,,,,,,,,
,,,,,,,,,,,,,,,,,,,,,,,,,,,,,,,,,,,,,,,,,,,,,,,
,,,,,,,,,,,,,,,,,,,,,,,,,,,,,,,,,,,,,,,,,,,,,,,
,,,,,,,,,,,,,,,,,,,,,,,,,,,,,,,,,,,,,,,,,,,,,,,
